source,shared_from,date,text,reactions,likes,ahah,love,wow,sigh,grrr,comments,post_id,url
,,2019-08-22 14:08:10,,,,,,,,,,2750079021688356,/ufi/reaction/profile/browser/?ft_ent_identifier=2750074778355447&refid=17&_ft_=top_level_post_id.2750079021688356%3Atl_objid.2750079021688356%3Apage_id.584865798209700%3Aphoto_attachments_list.%5B2750074825022109%2C2750074811688777%2C2750074805022111%2C2750074828355442%5D%3Aphoto_id.2750074825022109%3Astory_location.4%3Astory_attachment_style.new_album%3Apage_insights.%7B%22584865798209700%22%3A%7B%22page_id%22%3A584865798209700%2C%22actor_id%22%3A584865798209700%2C%22dm%22%3A%7B%22isShare%22%3A0%2C%22originalPostOwnerID%22%3A0%7D%2C%22psn%22%3A%22EntPhotoNodeBasedEdgeStory%22%2C%22post_context%22%3A%7B%22object_fbtype%22%3A22%2C%22publish_time%22%3A1566457690%2C%22story_name%22%3A%22EntPhotoNodeBasedEdgeStory%22%2C%22story_fbid%22%3A%5B2750074825022109%2C2750074778355447%5D%7D%2C%22role%22%3A1%2C%22sl%22%3A4%2C%22targets%22%3A%5B%7B%22actor_id%22%3A584865798209700%2C%22page_id%22%3A584865798209700%2C%22post_id%22%3A2750074825022109%2C%22role%22%3A1%2C%22share_id%22%3A0%7D%2C%7B%22actor_id%22%3A584865798209700%2C%22page_id%22%3A584865798209700%2C%22post_id%22%3A2750074778355447%2C%22role%22%3A1%2C%22share_id%22%3A0%7D%5D%7D%7D%3Athid.584865798209700%3A306061129499414%3A43%3A0%3A1572591599%3A-180848111406408191&__tn__=%2AW-R#footer_action_list
Táº¡p ChÃ­ Doanh NhÃ¢n,,2019-08-23 15:54:26,"CÃ¡c nhÃ  lÃ£nh Ä‘áº¡o ráº¥t dá»… Ä‘Ã¡nh Ä‘á»“ng nhá»¯ng giÃ¡ trá»‹ táº¡o Ä‘á»™ng lá»±c cho cÃ¡ nhÃ¢n mÃ¬nh vá»›i nhá»¯ng Ä‘iá»u thá»±c sá»± táº¡o Ä‘á»™ng lá»±c cho nhÃ¢n viÃªn. Khi tháº¥y má»™t nhÃ¢n viÃªn, vá»‘n chÄƒm chá»‰ vÃ  nhiá»‡t huyáº¿t, nay láº¡i máº¥t Ä‘á»™ng lá»±c lÃ m viá»‡c trong má»™t dá»± Ã¡n/ nhiá»‡m vá»¥ má»›i, ráº¥t cÃ³ thá»ƒ há» Ä‘ang â€œmáº¯c káº¹tâ€ vÃ o má»™t trong bá»‘n váº¥n Ä‘á» sau Ä‘Ã¢y.",11,11,,,,,,2 bÃ¬nh luáº­,2752085564821035,/story.php?story_fbid=2752085564821035&id=584865798209700
Táº¡p ChÃ­ Doanh NhÃ¢n,,2019-08-22 12:29:34,"Buá»•i há»™i tháº£o â€œLÃ m sao Ä‘á»ƒ â€œcáº¥y ná»nâ€ tá»« bÃªn trong doanh nghiá»‡p?â€ Ä‘Ã£ káº¿t thÃºc vÃ o ngÃ y 21/08/2019. Táº¡p chÃ­ Doanh NhÃ¢n xin trÃ¢n trá»ng gá»­i lá»i cáº£m Æ¡n tá»›i quÃ½ doanh nghiá»‡p/ cÃ¡ nhÃ¢n Ä‘Ã£ dÃ nh thá»i gian quan tÃ¢m, tham dá»± chÆ°Æ¡ng trÃ¬nh. Hy vá»ng ráº±ng nhá»¯ng gÃ³c nhÃ¬n thiáº¿t thá»±c, quÃ½ giÃ¡ cá»§a cÃ¡c chuyÃªn gia táº¡i buá»•i há»™i tháº£o Ä‘Ã£ mang láº¡i nhá»¯ng bÃ i há»c há»¯u Ã­ch, giÃºp cá»™ng Ä‘á»“ng doanh nghiá»‡p phÃ¡t triá»ƒn mÃ´ hÃ¬nh quáº£n trá»‹ dá»±a trÃªn ná»n táº£ng lÃ  há»‡ sinh thÃ¡i lÃ nh máº¡nh. Táº¡p chÃ­ Doanh NhÃ¢n Ä‘áº·c biá»‡t gá»­i lá»i cáº£m Æ¡n tá»›i cÃ¡c Ä‘Æ¡n vá»‹/cÃ¡ nhÃ¢n Ä‘Ã£ nhiá»‡t tÃ¬nh há»— trá»£ chÃºng tÃ´i thá»±c hiá»‡n thÃ nh cÃ´ng chÆ°Æ¡ng trÃ¬nh: máº¡ng lÆ°á»›i khá»Ÿi nghiá»‡p ThinkZone, co-working space The Vuon, cÃ´ng ty Live Channel. Cuá»‘i cÃ¹ng, ban tá»• chá»©c ráº¥t mong nháº­n Ä‘Æ°á»£c nhá»¯ng Ä‘Ã³ng gÃ³p xÃ¢y dá»±ng Ä‘á»ƒ thá»±c hiá»‡n tá»‘t hÆ¡n cÃ¡c chÆ°Æ¡n trÃ¬nh tiáº¿p theo. Mong ráº±ng quÃ½ doanh nghiá»‡p/ Ä‘á»™c giáº£ sáº½ luÃ´n Ä‘á»“ng hÃ nh vÃ  yÃªu máº¿n Táº¡p chÃ­ trong suá»‘t hÃ nh trÃ¬nh truyá»n táº£i kiáº¿n thá»©c quáº£n trá»‹, phÃ¡t triá»ƒn doanh nghiá»‡p. QuÃ½ vá»‹ Ä‘á»™c giáº£ cÃ³ thá»ƒ theo dÃµi ná»™i dung há»™i tháº£o Ä‘Æ°á»£c Táº¡p chÃ­ Doanh NhÃ¢n tá»•ng há»£p láº¡i qua liÃªn káº¿t dÆ°á»›i Ä‘Ã¢y: https://doanhnhanonline.com.vn/bi-quyet-xay-dung-he-sinh-thai-lanh-manh-trong-doanh-nghiep/ TrÃ¢n trá»ng,  Táº¡p ChÃ­ Doanh NhÃ¢n",15,15,,,,,,1 bÃ¬nh luáº­,2749980731698185,/story.php?story_fbid=2749980731698185&id=584865798209700
Táº¡p ChÃ­ Doanh NhÃ¢n,,2019-08-21 15:33:28,"Panel 2 cá»§a Há»™i tháº£o: LÃ m sao Ä‘á»ƒ â€œcáº¥y ná»nâ€ tá»« trong doanh nghiá»‡p? giá»¯a GiÃ¡o sÆ° Phan VÄƒn TrÆ°á»ng vÃ  Ã´ng HoÃ ng Nam Tiáº¿n - Chá»§ tá»‹ch FPT Software, ngÆ°á»i Ä‘iá»u phá»‘i: chuyÃªn gia khai váº¥n QuÃ¡ch HÆ°Æ¡ng Ä‘ang diá»…n ra.",6,6,,,,,,1 bÃ¬nh luáº­,2748256428537282,/story.php?story_fbid=2748256428537282&id=584865798209700
Táº¡p ChÃ­ Doanh NhÃ¢n,,2019-08-21 14:32:26,"Ngay lÃºc nÃ y, Há»™i tháº£o: LÃ m sao Ä‘á»ƒ â€œcáº¥y ná»nâ€ tá»« trong doanh nghiá»‡p? Ä‘ang diá»…n ra. Táº¡p chÃ­ Doanh NhÃ¢n ráº¥t hÃ¢n háº¡nh Ä‘Æ°á»£c Ä‘Ã³n tiáº¿p Ä‘Ã´ng Ä‘áº£o quÃ½ doanh nghiá»‡p/cÃ¡ nhÃ¢n tham dá»±. ChÃºng tÃ´i sáº½ update nhá»¯ng hÃ¬nh áº£nh sá»›m nháº¥t cá»§a sá»± kiá»‡n táº¡i fanpage Táº¡p chÃ­.",12,12,,,,,,BÃ¬nh luáº­,2748183345211257,/story.php?story_fbid=2748183345211257&id=584865798209700
Táº¡p ChÃ­ Doanh NhÃ¢n,,2019-08-19 16:10:43,"Xem livestream há»™i tháº£o: ""LÃ m sao Ä‘á»ƒ â€œcáº¥y ná»nâ€ tá»« trong doanh nghiá»‡p?"" DÃ¹ Ä‘Ã£ Ä‘Ã³ng cÃ¡c kÃªnh Ä‘Äƒng kÃ½ mua vÃ© tá»« chiá»u ngÃ y 18/08, tuy nhiÃªn ban tá»• chá»©c chÆ°Æ¡ng trÃ¬nh váº«n nháº­n Ä‘Æ°á»£c ráº¥t nhiá»u cÃ¡c cuá»™c gá»i mong muá»‘n mua vÃ© tham dá»±. Táº¡p chÃ­ Doanh NhÃ¢n ráº¥t cáº£m Æ¡n sá»± quan tÃ¢m cá»§a cÃ¡c doanh nghiá»‡p/cÃ¡ nhÃ¢n. Äá»ƒ há»— trá»£ quÃ½ vá»‹ theo dÃµi, cÅ©ng nhÆ° tÃ¬m hiá»ƒu má»™t pháº§n kiáº¿n thá»©c tá»« há»™i tháº£o, ban tá»• chá»©c xin thÃ´ng bÃ¡o, pháº§n tháº£o luáº­n thá»© 3: ""Vai trÃ² cá»§a vÄƒn hoÃ¡ doanh nghiá»‡p trong há»‡ sinh thÃ¡i lÃ nh máº¡nh"", giá»¯a GS. Phan VÄƒn TrÆ°á»ng, Ã´ng LÃª Quá»‘c Vinh, vÃ  bÃ  QuÃ¡ch HÆ°Æ¡ng sáº½ Ä‘Æ°á»£c livestream ngay táº¡i Fanpage Táº¡p chÃ­ Doanh NhÃ¢n.  QuÃ½ doanh nghiá»‡p/cÃ¡ nhÃ¢n quan tÃ¢m cÃ³ thá»ƒ theo dÃµi, vÃ  Ä‘áº·t cÃ¢u há»i cho cÃ¡c diá»…n giáº£ thÃ´ng qua pháº§n bÃ¬nh luáº­n cá»§a buá»•i livestream.  Táº¡p chÃ­ Doanh NhÃ¢n trÃ¢n trá»ng cáº£m Æ¡n!",26,24,,2,,,,6 bÃ¬nh luáº­,2744318252264433,/story.php?story_fbid=2744318252264433&id=584865798209700
Táº¡p ChÃ­ Doanh NhÃ¢n,,2019-08-19 10:46:24,"Quáº£n lÃ½ vÃ  quáº£n trá»‹ Ä‘á»u lÃ  nhá»¯ng khÃ¡i niá»‡m rá»™ng vÃ  cáº§n thiáº¿t cho sá»± thÃ nh cÃ´ng cá»§a doanh nghiá»‡p trong má»™t mÃ´i trÆ°á»ng kinh doanh ngÃ y cÃ ng phá»©c táº¡p. Tuy nhiÃªn, khÃ¡c vá»›i sá»± nháº§m láº«n cá»§a nhiá»u nhÃ  lÃ£nh Ä‘áº¡o hiá»‡n nay, quáº£n trá»‹ vÃ  quáº£n lÃ½ láº¡i lÃ  hai khÃ¡i niá»‡m Ã¡m chá»‰ nhá»¯ng cÃ´ng viá»‡c khÃ¡c nhau, Ä‘Ã²i há»i nhá»¯ng ká»¹ nÄƒng khÃ¡c nhau.  Viá»‡c phÃ¢n biá»‡t chÃºng giÃºp chá»§ doanh nghiá»‡p tháº¥u hiá»ƒu rÃµ rÃ ng hÆ¡n vá» nghá»‡ thuáº­t lÃ£nh Ä‘áº¡o vÃ  Ä‘iá»u chá»‰nh cÃ¡ch hÃ nh xá»­ trong tá»• chá»©c cá»§a mÃ¬nh.",8,8,,,,,,1 bÃ¬nh luáº­,2743938392302419,/story.php?story_fbid=2743938392302419&id=584865798209700
Táº¡p ChÃ­ Doanh NhÃ¢n,,2019-08-17 07:46:31,"Váº­y lÃ  chá»‰ cÃ²n 4 ngÃ y ná»¯a, sá»± kiá»‡n ""LÃ m sao Ä‘á»ƒ ""cáº¥y ná»n"" tá»« trong doanh nghiá»‡p"" sáº½ chÃ­nh thá»©c diá»…n ra.  Táº¡p chÃ­ Doanh NhÃ¢n trÃ¢n trá»ng cáº£m Æ¡n sá»± quan tÃ¢m cá»§a Ä‘Ã´ng Ä‘áº£o quÃ½ doanh nghiá»‡p/cÃ¡ nhÃ¢n Ä‘Ã£ Ä‘Äƒng kÃ½ mua vÃ© chÆ°Æ¡ng trÃ¬nh. Tá»›i hÃ´m nay, lÆ°á»£ng khÃ¡ch Ä‘Äƒng kÃ½ Ä‘Ã£ tiá»‡m cáº­n sá»‘ lÆ°á»£ng dá»± kiáº¿n, do váº­y Ä‘á»ƒ Ä‘áº£m báº£o cháº¥t lÆ°á»£ng phá»¥c vá»¥, ban tá»• chá»©c xin thÃ´ng bÃ¡o Ä‘Ã³ng kÃªnh Ä‘Äƒng kÃ½ mua vÃ© qua cá»•ng Bigtime. CÃ¡c kÃªnh Ä‘Äƒng kÃ½ mua vÃ© qua hotline vÃ  Ä‘Æ°á»ng dáº«n https://bit.ly/2OIG6w0 sáº½ Ä‘Ã³ng trÆ°á»›c 18h chiá»u Chá»§ nháº­t ngÃ y 18/08.  Xin háº¹n gáº·p láº¡i quÃ½ vá»‹ táº¡i sá»± kiá»‡n! âœ´ï¸âœ´ï¸âœ´ï¸ LÃ m sao Ä‘á»ƒ â€œcáº¥y ná»nâ€ tá»« trong doanh nghiá»‡p: DÃ¹ng vÄƒn hÃ³a Ä‘á»ƒ chuyá»ƒn táº£i ngÃ´n ngá»¯ quáº£n trá»‹ âœ´ï¸âœ´ï¸âœ´ï¸ ğŸ—£ï¸Diá»…n giáº£: - GiÃ¡o sÆ° Phan VÄƒn TrÆ°á»ng - ChuyÃªn gia cao cáº¥p trong lÄ©nh vá»±c Ä‘Ã m phÃ¡n quá»‘c táº¿, cá»‘ váº¥n cá»§a ChÃ­nh phá»§ PhÃ¡p  - Ã”ng LÃª Quá»‘c Vinh - Chá»§ tá»‹ch HÄQT, Táº­p Ä‘oÃ n Truyá»n thÃ´ng LÃª - Ã”ng HoÃ ng Nam Tiáº¿n - Chá»§ tá»‹ch FPT Software ï¸ğŸ¤Äiá»u phá»‘i tháº£o luáº­n - BÃ  QuÃ¡ch HÆ°Æ¡ng â€“ NhÃ  sÃ¡ng láº­p cÃ´ng ty khai váº¥n Coach For Life ğŸ’¢Khung sá»± kiá»‡n: Panel 1ï¸âƒ£: Tháº¿ nÃ o lÃ  má»™t â€œhá»‡ sinh thÃ¡i lÃ nh máº¡nhâ€ trong doanh nghiá»‡p? Panel 2ï¸âƒ£: TiÃªu chuáº©n hoÃ¡ 3 ná»n táº£ng cá»§a há»‡ sinh thÃ¡i: tÆ° tÆ°á»Ÿng lÃ£nh Ä‘áº¡o â€“ há»‡ thá»‘ng quáº£n trá»‹ - nguá»“n lá»±c con ngÆ°á»i  Panel 3ï¸âƒ£: Vai trÃ² cá»§a vÄƒn hoÃ¡ doanh nghiá»‡p trong há»‡ sinh thÃ¡i lÃ nh máº¡nh",7,7,,,,,,BÃ¬nh luáº­,2739839219379003,/story.php?story_fbid=2739839219379003&id=584865798209700
Táº¡p ChÃ­ Doanh NhÃ¢n,,2019-08-16 16:34:53,"NhÃ¢n viÃªn há»i há»£t khÃ´ng ná»— lá»±c háº¿t mÃ¬nh, lÃ½ do khÃ´ng pháº£i lÃºc nÃ o cÅ©ng lÃ  tá»« má»™t phÃ­a, ngoÃ i viá»‡c ""chá»‰ máº·t, gá»i tÃªn"", quan trá»ng nháº¥t lÃ  ngÆ°á»i lÃ£nh Ä‘áº¡o nghiÃªm tÃºc tÃ¬m hiá»ƒu lÃ½ do vÃ  cam káº¿t hÃ nh Ä‘á»™ng Ä‘á»ƒ cáº£i thiá»‡n tÃ¬nh hÃ¬nh.",4,4,,,,,,BÃ¬nh luáº­,2738557339507191,/story.php?story_fbid=2738557339507191&id=584865798209700
Táº¡p ChÃ­ Doanh NhÃ¢n,,2019-08-16 10:00:01,"""Lá»—i tÆ° duy"" cá»§a cÃ¡c nhÃ  lÃ£nh Ä‘áº¡o Báº¡n Ä‘Ã£ biáº¿t cÃ¡ch truyá»n Ä‘á»™ng lá»±c cho nhÃ¢n viÃªn???  âœ…ÄÄƒng kÃ½ ngay táº¡i Ä‘Ã¢y: https://bit.ly/2OIG6w0 LÃ£nh Ä‘áº¡o quÃ¡ chÃº tÃ¢m vÃ o nhá»¯ng con sá»‘, biá»ƒu báº£ng, pháº§n má»m quáº£n trá»‹, mÃ  quÃªn máº¥t viá»‡c chÄƒm sÃ³c, quan tÃ¢m Ä‘á»™i ngÅ© nhÃ¢n sá»±. LÃ£nh Ä‘áº¡o Ã¡p Ä‘áº·t cÃ¢u chuyá»‡n thÃ nh cÃ´ng cá»§a mÃ¬nh xuá»‘ng cáº¥p dÆ°á»›i, thay vÃ¬ láº¯ng nghe, chia sáº» vÃ  tÃ¬m giáº£i phÃ¡p. LÃ£nh Ä‘áº¡o khÃ´ng quan tÃ¢m Ä‘áº¿n quáº£n trá»‹, nghÄ© ráº±ng khi Ä‘Ã£ cÃ³ quy trÃ¬nh, quy Ä‘á»‹nh rÃµ rÃ ng thÃ¬ má»i chuyá»‡n sáº½ suÃ´n sáº»... Táº¥t cáº£ nhá»¯ng lá»‘i tÆ° duy nÃ y, sáº½ lÃ m nÃªn má»™t tÆ° tÆ°á»Ÿng lÃ£nh Ä‘áº¡o tiÃªu cá»±c, áº£nh hÆ°á»Ÿng lá»›n Ä‘áº¿n Ä‘á»™ng lá»±c lÃ m viá»‡c, tinh tháº§n cÃ´ng hiáº¿n trong doanh nghiá»‡p.  Äáº¿n vá»›i sá»± kiá»‡n ""LÃ m sao Ä‘á»ƒ ""cáº¥y ná»n"" tá»« trong doanh nghiá»‡p"", cÃ¡c nhÃ  lÃ£nh Ä‘áº¡o sáº½: - CÃ³ Ä‘iá»u kiá»‡n Ä‘á»ƒ nhÃ¬n láº¡i tÆ° tÆ°á»Ÿng quáº£n trá»‹ hiá»‡n táº¡i cá»§a mÃ¬nh, tá»« Ä‘Ã³ cÃ³ sá»± Ä‘Ã¡nh giÃ¡ vÃ  cáº£i thiá»‡n; - Há»c cÃ¡ch tá»«ng bÆ°á»›c xÃ¢y dá»±ng há»‡ sinh thÃ¡i lÃ nh máº¡nh, hÆ°á»›ng Ä‘áº¿n sá»± phÃ¡t triá»ƒn trÆ°á»ng tá»“n trong doanh nghiá»‡p; - CÃ¡ch thá»©c Ä‘á»ƒ ""cáº¥y"" nhá»¯ng giÃ¡ trá»‹ tá»‘t Ä‘áº¹p vÃ o vÄƒn hoÃ¡ doanh nghiá»‡p; - Há»c táº­p tá»« nhá»¯ng bÃ i há»c kinh nghiá»‡m trong quáº£n trá»‹ doanh nghiá»‡p tá»« nhá»¯ng chuyÃªn gia uy tÃ­n. âœ´ï¸âœ´ï¸âœ´ï¸ LÃ m sao Ä‘á»ƒ â€œcáº¥y ná»nâ€ tá»« trong doanh nghiá»‡p: DÃ¹ng vÄƒn hÃ³a Ä‘á»ƒ chuyá»ƒn táº£i ngÃ´n ngá»¯ quáº£n trá»‹ âœ´ï¸âœ´ï¸âœ´ï¸ ğŸ‘‰ThÃ´ng tin sá»± kiá»‡n: âœ… Thá»i gian: Tá»« 13h30 Ä‘áº¿n 16h15 Thá»© 4 - NgÃ y 21/08/2019 âœ… Äá»‹a Ä‘iá»ƒm: The Vuon Luxury Garden Office - Táº©ng 3 - D2 Giáº£ng VÃµ, HÃ  Ná»™i âœ… Agenda: Tham kháº£o lá»‹ch trÃ¬nh chi tiáº¿t cá»§a sá»± kiá»‡n táº¡i Ä‘Ã¢y (http://bit.ly/agendaSK) âœ…Link ÄÄƒng kÃ½: https://bit.ly/2OIG6w0 ğŸ—£ï¸Diá»…n giáº£: - GiÃ¡o sÆ° Phan VÄƒn TrÆ°á»ng - ChuyÃªn gia cao cáº¥p trong lÄ©nh vá»±c Ä‘Ã m phÃ¡n quá»‘c táº¿, cá»‘ váº¥n cá»§a ChÃ­nh phá»§ PhÃ¡p  - Ã”ng LÃª Quá»‘c Vinh - Chá»§ tá»‹ch HÄQT, Táº­p Ä‘oÃ n Truyá»n thÃ´ng LÃª - Ã”ng HoÃ ng Nam Tiáº¿n - Chá»§ tá»‹ch FPT Software ï¸ğŸ¤Äiá»u phá»‘i tháº£o luáº­n - BÃ  QuÃ¡ch HÆ°Æ¡ng â€“ NhÃ  sÃ¡ng láº­p cÃ´ng ty khai váº¥n Coach For Life ğŸ’¢Khung sá»± kiá»‡n: Panel 1ï¸âƒ£: Tháº¿ nÃ o lÃ  má»™t â€œhá»‡ sinh thÃ¡i lÃ nh máº¡nhâ€ trong doanh nghiá»‡p? Panel 2ï¸âƒ£: TiÃªu chuáº©n hoÃ¡ 3 ná»n táº£ng cá»§a há»‡ sinh thÃ¡i: tÆ° tÆ°á»Ÿng lÃ£nh Ä‘áº¡o â€“ há»‡ thá»‘ng quáº£n trá»‹ - nguá»“n lá»±c con ngÆ°á»i  Panel 3ï¸âƒ£: Vai trÃ² cá»§a vÄƒn hoÃ¡ doanh nghiá»‡p trong há»‡ sinh thÃ¡i lÃ nh máº¡nh",2,2,,,,,,BÃ¬nh luáº­,2732881863408072,/story.php?story_fbid=2732881863408072&id=584865798209700
Táº¡p ChÃ­ Doanh NhÃ¢n,,2019-08-14 10:00:01,"Quáº£n lÃ½ giá»i, chÆ°a cháº¯c doanh nghiá»‡p Ä‘Ã£ thÃ nh cÃ´ng! Há»c quáº£n trá»‹ tá»« nguyÃªn lÃ½ gá»‘c tá»›i phÆ°Æ¡ng phÃ¡p triá»ƒn khai  âœ… ÄÄƒng kÃ½ ngay táº¡i Ä‘Ã¢y: https://bit.ly/2OIG6w0 ğŸ’¢ Nokia, gáº§n 20 nÄƒm vá» trÆ°á»›c, Ä‘Ã£ tháº¥t báº¡i trong viá»‡c quáº£n trá»‹, khi khÃ´ng nhÃ¬n tháº¥y sá»± thay Ä‘á»•i trong thá»‹ hiáº¿u ngÆ°á»i dÃ¹ng, Ä‘á»ƒ rá»“i bá»—ng má»™t ngÃ y bá»‹ ngÆ°á»i Ä‘áº¿n sau Iphone ""thá»•i bay"" khá»i cuá»™c chiáº¿n. CÃ²n Apple, vá»›i táº§m nhÃ¬n quáº£n trá»‹ sÃ¢u sáº¯c cá»§a Steve Jobs, Ä‘Ã£ Ä‘Æ°a má»™t thÆ°Æ¡ng hiá»‡u vá»‘n khÃ´ng tÃªn tuá»•i, trá»Ÿ thÃ nh má»™t trong 10 thÆ°Æ¡ng hiá»‡u giÃ¡ trá»‹ nháº¥t hÃ nh tinh. ğŸ’¢ Theo giÃ¡o sÆ° Phan VÄƒn TrÆ°á»ng, quáº£n lÃ½ giá»i lÃ  viá»‡c lÃ m tá»‘t má»i viá»‡c Ä‘Æ°á»£c giao, kiá»ƒm soÃ¡t cÃ¡c hoáº¡t Ä‘á»™ng cá»§a doanh nghiá»‡p má»™t cÃ¡ch trÆ¡n tru, á»•n Ä‘á»‹nh. CÃ²n quáº£n trá»‹, pháº£i hiá»ƒu lÃ  viá»‡c chá»n Ä‘Ãºng ngÆ°á»i lÃ m Ä‘Ãºng viá»‡c, Ä‘Ãºng lÃºc, pháº£i lÃ  ngÆ°á»i cÃ³ cÃ¡i nhÃ¬n toÃ n cáº£nh vá» thá»‹ trÆ°á»ng, hiá»ƒu rÃµ con thuyá»n doanh nghiá»‡p cá»§a mÃ¬nh Ä‘ang á»Ÿ Ä‘Ã¢u trÃªn sá»± biáº¿n chuyá»ƒn xoay váº§n áº¥y... CÃ¡c nhÃ  lÃ£nh Ä‘áº¡o, hiá»‡n Ä‘ang lÃ m ""quáº£n lÃ½"" hay Ä‘ang ""quáº£n trá»‹""? Náº¿u cÃ²n bÄƒn khoÄƒn, sá»± chia sáº» cá»§a cÃ¡c chuyÃªn gia quáº£n trá»‹ ""gáº¡o cá»™i"" táº¡i sá»± kiá»‡n ""LÃ m sao Ä‘á»ƒ ""cáº¥y ná»n"" tá»« trong doanh nghiá»‡p"" cÃ³ thá»ƒ sáº½ há»¯u Ã­ch! âœ´ï¸âœ´ï¸âœ´ï¸ LÃ m sao Ä‘á»ƒ â€œcáº¥y ná»nâ€ tá»« trong doanh nghiá»‡p: DÃ¹ng vÄƒn hÃ³a Ä‘á»ƒ chuyá»ƒn táº£i ngÃ´n ngá»¯ quáº£n trá»‹ âœ´ï¸âœ´ï¸âœ´ï¸ ğŸ‘‰ThÃ´ng tin sá»± kiá»‡n: âœ… Thá»i gian: Tá»« 13h30 Ä‘áº¿n 16h15 Thá»© 4 - NgÃ y 21/08/2019 âœ… Äá»‹a Ä‘iá»ƒm: The Vuon Luxury Garden Office - Táº©ng 3 - D2 Giáº£ng VÃµ, HÃ  Ná»™i ğŸ—£ï¸Diá»…n giáº£: - GiÃ¡o sÆ° Phan VÄƒn TrÆ°á»ng - ChuyÃªn gia cao cáº¥p trong lÄ©nh vá»±c Ä‘Ã m phÃ¡n quá»‘c táº¿, cá»‘ váº¥n cá»§a ChÃ­nh phá»§ PhÃ¡p  - Ã”ng LÃª Quá»‘c Vinh - Chá»§ tá»‹ch HÄQT, Táº­p Ä‘oÃ n Truyá»n thÃ´ng LÃª - Ã”ng HoÃ ng Nam Tiáº¿n - Chá»§ tá»‹ch FPT Software ï¸ğŸ¤Äiá»u phá»‘i tháº£o luáº­n - BÃ  QuÃ¡ch HÆ°Æ¡ng â€“ NhÃ  sÃ¡ng láº­p cÃ´ng ty khai váº¥n Coach For Life ğŸ’¢Khung sá»± kiá»‡n: Panel 1ï¸âƒ£: Tháº¿ nÃ o lÃ  má»™t â€œhá»‡ sinh thÃ¡i lÃ nh máº¡nhâ€ trong doanh nghiá»‡p? Panel 2ï¸âƒ£: TiÃªu chuáº©n hoÃ¡ 3 ná»n táº£ng cá»§a há»‡ sinh thÃ¡i: tÆ° tÆ°á»Ÿng lÃ£nh Ä‘áº¡o â€“ há»‡ thá»‘ng quáº£n trá»‹ - nguá»“n lá»±c con ngÆ°á»i  Panel 3ï¸âƒ£: Vai trÃ² cá»§a vÄƒn hoÃ¡ doanh nghiá»‡p trong há»‡ sinh thÃ¡i lÃ nh máº¡nh",272,265,1,4,1,,1,1 bÃ¬nh luáº­,2732880220074903,/story.php?story_fbid=2732880220074903&id=584865798209700
Táº¡p ChÃ­ Doanh NhÃ¢n,,2019-08-13 10:51:28,"VÄƒn hÃ³a doanh nghiá»‡p lÃ  ""máº¡ch mÃ¡u"" váº­n hÃ nh nhá»¯ng triáº¿t lÃ½, táº§m nhÃ¬n, sá»© má»‡nh cá»§a tá»• chá»©c. VÄƒn hÃ³a nhiá»…m Ä‘á»™c sáº½ gÃ¢y xÃ³i mÃ²n vÃ o chiáº¿n lÆ°á»£c doanh nghiá»‡p, nhÃ¢n sá»± thÃ¡o cháº¡y, nÄƒng suáº¥t lÃ m viá»‡c sá»¥t giáº£m, cáº£n trá»Ÿ sá»± Ä‘á»•i má»›i vÃ  triá»‡t tiÃªu sá»± nhiá»‡t tÃ¬nh cáº§n thiáº¿t khi phá»¥c vá»¥ khÃ¡ch hÃ ng. Má»™t báº§u khÃ´ng khÃ­ lÃ m viá»‡c ngá»™t ngáº¡t, hÃ nh vi á»©ng xá»­ tiÃªu cá»±c, tháº­m chÃ­ lÃ  sá»± xuáº¥t hiá»‡n cá»§a nhá»¯ng hÃ nh Ä‘á»™ng báº¡o lá»±c ngay trong vÄƒn phÃ²ng cÃ³ thá»ƒ lÃ  há»‡ quáº£ sá»›m tháº¥y. Äá»ƒ hiá»ƒu vÃ  táº¡o dá»±ng Ä‘Æ°á»£c má»™t doanh nghiá»‡p khoáº» máº¡nh vá»›i nhá»¯ng nhÃ¢n viÃªn táº­n tÃ¢m, chá»§ Ä‘á»™ng, Ä‘Ã²i há»i nhÃ  quáº£n lÃ½ cáº§n nhá»¯ng kiáº¿n thá»©c Ä‘Ãºng vá» vÄƒn hÃ³a doanh nghiá»‡p vÃ  nguyÃªn lÃ½ quáº£n trá»‹. Hiá»ƒu rÃµ mong muá»‘n cá»§a cá»™ng Ä‘á»“ng doanh nghiá»‡p Táº¡p chÃ­ Doanh NhÃ¢n xin giá»›i thiá»‡u há»™i tháº£o: âœ´ï¸âœ´ï¸âœ´ï¸ ğ—Ÿğ—®Ì€ğ—º ğ˜€ğ—®ğ—¼ Ä‘ğ—²Ì‚Ì‰ â€œğ—°ğ—®Ì‚Ìğ˜† ğ—»ğ—²Ì‚Ì€ğ—»â€ ğ˜ğ˜‚Ì›Ì€ ğ˜ğ—¿ğ—¼ğ—»ğ—´ ğ—±ğ—¼ğ—®ğ—»ğ—µ ğ—»ğ—´ğ—µğ—¶ğ—²Ì£Ì‚ğ—½: DÃ¹ng vÄƒn hÃ³a Ä‘á»ƒ chuyá»ƒn táº£i ngÃ´n ngá»¯ quáº£n trá»‹ âœ´ï¸âœ´ï¸âœ´ï¸ ğŸ‘‰ThÃ´ng tin sá»± kiá»‡n: âœ… Thá»i gian: Tá»« 13h30 Ä‘áº¿n 16h15 Thá»© 4 - NgÃ y 21/08/2019 âœ… Äá»‹a Ä‘iá»ƒm: The Vuon Luxury Garden Office - Táº©ng 3 - D2 Giáº£ng VÃµ, HÃ  Ná»™i âœ… Agenda: Tham kháº£o lá»‹ch trÃ¬nh chi tiáº¿t cá»§a sá»± kiá»‡n táº¡i Ä‘Ã¢y (http://bit.ly/agendaSK) âœ…Link ÄÄƒng kÃ½: https://bit.ly/2OIG6w0 âœ…Link sá»± kiá»‡n: https://www.facebook.com/events/369716613713389/",9,9,,,,,,BÃ¬nh luáº­,2732485396781052,/story.php?story_fbid=2732485396781052&id=584865798209700
Táº¡p ChÃ­ Doanh NhÃ¢n,,2019-08-08 16:42:47,"â“LÃ€M THá»‚ NÃ€O Äá»‚ NÃ‚NG Táº¦M NHÃ‚N VIÃŠN Báº°NG VÄ‚N HÃ“A ? Äá»ƒ nhÃ¢n viÃªn táº­n tÃ¢m vá»›i doanh nghiá»‡p ai cÅ©ng hiá»ƒu pháº£i cÃ³ cÃ¡i tÃ i quáº£n trá»‹ cá»§a nhÃ  lÃ£nh Ä‘áº¡o nhÆ°ng Ä‘á»ƒ chuyá»ƒn táº£i ngÃ´n ngá»¯ quáº£n trá»‹ thÃ nh hÃ nh Ä‘á»™ng cá»§a nhÃ¢n viÃªn thÃ¬ cáº§n nhá»¯ng gÃ¬?  Táº¡i sá»± kiá»‡n ""LÃ m sao Ä‘á»ƒ ""cáº¥y ná»n"" tá»« trong doanh nghiá»‡p"", Táº¡p chÃ­ Doanh NhÃ¢n vÃ´ cÃ¹ng tá»± hÃ o khi cÃ³ sá»± tham gia cá»§a nhá»¯ng chuyÃªn gia ""gáº¡o cá»™i"" trong lÄ©nh vá»±c quáº£n trá»‹.  ThÃ´ng qua chÆ°Æ¡ng trÃ¬nh, cÃ¡c diá»…n giáº£ khÃ´ng chá»‰ mang tá»›i nhá»¯ng chia sáº» tá»« cÃ¡c kinh nghiá»‡m ""thá»±c chiáº¿n"" mÃ  cÃ²n Ä‘Æ°a ra nhá»¯ng gÃ³c nhÃ¬n há»‡ thá»‘ng, khoa há»c khi váº­n hÃ nh vÄƒn hÃ³a doanh nghiá»‡p vÃ o cÃ´ng tÃ¡c quáº£n trá»‹. ğŸ‘‰Há» lÃ  nhá»¯ng ai? ğŸ—£ï¸Diá»…n giáº£: â–ªï¸GiÃ¡o sÆ° Phan VÄƒn TrÆ°á»ng: ChuyÃªn gia cao cáº¥p trong lÄ©nh vá»±c Ä‘Ã m phÃ¡n quá»‘c táº¿, cá»‘ váº¥n cá»§a ChÃ­nh phá»§ PhÃ¡p  â–ªï¸Ã”ng LÃª Quá»‘c Vinh: Chá»§ tá»‹ch HÄQT, Táº­p Ä‘oÃ n Truyá»n thÃ´ng LÃª â–ªï¸Ã”ng HoÃ ng Nam Tiáº¿n: Chá»§ tá»‹ch FPT Software ğŸ¤Äiá»u phá»‘i tháº£o luáº­n â–ªï¸BÃ  QuÃ¡ch HÆ°Æ¡ng: NhÃ  sÃ¡ng láº­p cÃ´ng ty khai váº¥n Coach For Life ---------------------- âœ´ï¸ LÃ m sao Ä‘á»ƒ â€œcáº¥y ná»nâ€ tá»« trong doanh nghiá»‡p: DÃ¹ng vÄƒn hÃ³a Ä‘á»ƒ chuyá»ƒn táº£i ngÃ´n ngá»¯ quáº£n trá»‹ âœ´ï¸ ğŸ‘‰ThÃ´ng tin sá»± kiá»‡n: âœ… Thá»i gian: Tá»« 13h30 Ä‘áº¿n 16h15 Thá»© 4 - NgÃ y 21/08/2019 âœ… Äá»‹a Ä‘iá»ƒm: The Vuon Luxury Garden Office - Táº©ng 3 - D2 Giáº£ng VÃµ, HÃ  Ná»™i âœ… Agenda: Tham kháº£o lá»‹ch trÃ¬nh chi tiáº¿t cá»§a sá»± kiá»‡n táº¡i Ä‘Ã¢y (http://bit.ly/agendaSK) âœ…Link ÄÄƒng kÃ½ Ä‘á»ƒ Ä‘Æ°á»£c BTC liÃªn há»‡, tÆ° váº¥n: https://bit.ly/2OIG6w0 âœ…Link mua vÃ© online: https://bit.ly/2YAhgDe ------------------------ ğŸ’¢Khung sá»± kiá»‡n: Panel 1ï¸âƒ£: Tháº¿ nÃ o lÃ  má»™t â€œhá»‡ sinh thÃ¡i lÃ nh máº¡nhâ€ trong doanh nghiá»‡p? Panel 2ï¸âƒ£: TiÃªu chuáº©n hoÃ¡ 3 ná»n táº£ng cá»§a há»‡ sinh thÃ¡i: tÆ° tÆ°á»Ÿng lÃ£nh Ä‘áº¡o â€“ há»‡ thá»‘ng quáº£n trá»‹ - nguá»“n lá»±c con ngÆ°á»i  Panel 3ï¸âƒ£: Vai trÃ² cá»§a vÄƒn hoÃ¡ doanh nghiá»‡p trong há»‡ sinh thÃ¡i lÃ nh máº¡nh",266,248,1,16,1,,,12 bÃ¬nh luáº­,2723583791004546,/story.php?story_fbid=2723583791004546&id=584865798209700
Táº¡p ChÃ­ Doanh NhÃ¢n,,2019-08-07 20:30:00,"â‰ï¸ 4 CÄ‚N Bá»†NH PHá»” BIáº¾N Cá»¦A NHÃ‚N Sá»°  1ï¸âƒ£Bá»‡nh thiáº¿u Ä‘á»™ng lá»±c Bá»‡nh thiáº¿u Ä‘á»™ng lá»±c cÃ³ thá»ƒ do nhÃ¢n viÃªn thiáº¿u chÃ­ hÆ°á»›ng hoáº·c thiáº¿u dá»¥ng cá»¥ lÃ m viá»‡c, hoáº·c khÃ´ng Ä‘Æ°á»£c Ä‘oÃ¡i hoÃ i tá»›i, khÃ´ng nháº­n Ä‘Æ°á»£c chá»‰ thá»‹, hÆ°á»›ng dáº«n rÃµ rÃ ng tá»« cáº¥p trÃªn.  2ï¸âƒ£Bá»‡nh khÃ´ng háº¿t mÃ¬nh trong cÃ´ng viá»‡c ÄÃ¢y lÃ  khi nhÃ¢n viÃªn lÃ m viá»‡c há»i há»£t, khÃ´ng lá»¹ lÆ°á»¡ng, khÃ´ng Ä‘Ã o sÃ¢u nghiÃªn cá»©u, lÆ°á»ng trÆ°á»›c cÃ¡c tÃ¬nh huá»‘ng cÃ³ thá»ƒ xáº£y ra mÃ  cÃ³ tÃ¢m lÃ½ â€œlÃ m cho xong viá»‡câ€. Háº­u quáº£ lÃ  cháº³ng máº¥y chá»‘c cÃ´ng ty sáº½ váº¥p pháº£i sá»± phÃª phÃ¡n chua cay tá»« khÃ¡ch hÃ ng, hoáº·c nhá»¯ng sá»± cá»‘ Ä‘Ã¡ng tiáº¿c.  3ï¸âƒ£Bá»‡nh â€œrá»‘i ren trong cÃ´ng tyâ€ Sá»± rá»‘i ren cÃ³ thá»ƒ Ä‘áº¿n tá»« nhá»¯ng nhÃ¢n sá»± thÃ­ch gÃ¢y rá»‘i chuá»™c lá»£i, do cÃ¡c sá»± cá»‘ hoáº·c nhá»¯ng tin Ä‘á»“n tháº¥t thiá»‡t. Äá»ƒ giáº£i quyáº¿t váº¥n Ä‘á», lÃ£nh Ä‘oáº¡ pháº£i sá»›m truyá»n thÃ´ng rá»™ng rÃ£i, trung thá»±c, giáº£i thÃ­ch thuyáº¿t phá»¥c Ä‘á»ƒ â€œgá»¡ rá»‘iâ€ vÃ  cháº¥n an nhÃ¢n viÃªn.  4ï¸âƒ£Bá»‡nh bÃ¨ phÃ¡i Sá»± bÃ¨ phÃ¡i gÃ¢y máº¥t Ä‘oÃ n káº¿t doanh nghiá»‡p, tháº­m chÃ­ cÃ²n gÃ¢y khÃ³ khÄƒn, táº¡o sá»± chá»‘ng Ä‘á»‘i vá»›i cáº¥p lÃ£nh Ä‘áº¡o. Äá»ƒ phÃ²ng trÃ¡nh, ngÆ°á»i lÃ£nh Ä‘áº¡o cáº§n cÃ³ phong cÃ¡ch â€œdÃ¢n chá»§â€, gáº§n gÅ©i vá»›i má»i nhÃ¢n viÃªn vÃ  cá»™ng sá»±. Bá»‡nh trong doanh nghiá»‡p khÃ´ng cÃ³ vi-rÃºt hay vi khuáº©n nhÆ°ng háº­u quáº£ khÃ´n lÆ°á»ng, Ä‘á»™i ngÅ© nhÃ¢n sá»± rá»‡u ráº¡o, há»‡ thá»‘ng quáº£n trá»‹ rá»i ráº¡c, vÃ  xa hÆ¡n sáº½ lÃ  nhá»¯ng con sá»‘ tÃ i chÃ­nh tháº£m háº¡i. Äá»ƒ doanh nghiá»‡p cÃ³ â€œsá»©c Ä‘á» khÃ¡ngâ€ máº¡nh máº½, nhÃ¢n viÃªn háº¿t mÃ¬nh cÃ¹ng tá»• chá»©c, cáº§n táº¡o nÃªn vÄƒn hoÃ¡ doanh nghiá»‡p bá»n vá»¯ng Ä‘Æ°á»£c nuÃ´i dÆ°á»¡ng báº±ng nhá»¯ng giÃ¡ trá»‹ tá»‘t Ä‘áº¹p. NhÆ°ng Ä‘á»ƒ hiá»ƒu vÃ  táº¡o dá»±ng Ä‘Æ°á»£c, Ä‘Ã²i há»i nhÃ  quáº£n lÃ½ cáº§n nhá»¯ng kiáº¿n thá»©c Ä‘Ãºng vá» vÄƒn hÃ³a doanh nghiá»‡p vÃ  nguyÃªn lÃ½ quáº£n trá»‹. Hiá»ƒu rÃµ mong muá»‘n cá»§a cá»™ng Ä‘á»“ng doanh nghiá»‡p Táº¡p chÃ­ Doanh NhÃ¢n xin giá»›i thiá»‡u há»™i tháº£o: âœ´ï¸âœ´ï¸âœ´ï¸ ğ—Ÿğ—®Ì€ğ—º ğ˜€ğ—®ğ—¼ Ä‘ğ—²Ì‚Ì‰ â€œğ—°ğ—®Ì‚Ìğ˜† ğ—»ğ—²Ì‚Ì€ğ—»â€ ğ˜ğ˜‚Ì›Ì€ ğ˜ğ—¿ğ—¼ğ—»ğ—´ ğ—±ğ—¼ğ—®ğ—»ğ—µ ğ—»ğ—´ğ—µğ—¶ğ—²Ì£Ì‚ğ—½: DÃ¹ng vÄƒn hÃ³a Ä‘á»ƒ chuyá»ƒn táº£i ngÃ´n ngá»¯ quáº£n trá»‹ âœ´ï¸âœ´ï¸âœ´ï¸ ğŸ‘‰ThÃ´ng tin sá»± kiá»‡n: âœ… Thá»i gian: Tá»« 13h30 Ä‘áº¿n 16h15 Thá»© 4 - NgÃ y 21/08/2019 âœ… Äá»‹a Ä‘iá»ƒm: The Vuon Luxury Garden Office - Táº©ng 3 - D2 Giáº£ng VÃµ, HÃ  Ná»™i âœ… Agenda: Tham kháº£o lá»‹ch trÃ¬nh chi tiáº¿t cá»§a sá»± kiá»‡n táº¡i Ä‘Ã¢y (http://bit.ly/agendaSK) âœ…Link ÄÄƒng kÃ½: https://bit.ly/2OIG6w0 âœ…Link sá»± kiá»‡n: https://www.facebook.com/events/369716613713389/ ----------------------- ğŸ—£ï¸Diá»…n giáº£: - GiÃ¡o sÆ° Phan VÄƒn TrÆ°á»ng - ChuyÃªn gia cao cáº¥p trong lÄ©nh vá»±c Ä‘Ã m phÃ¡n quá»‘c táº¿, cá»‘ váº¥n cá»§a ChÃ­nh phá»§ PhÃ¡p  - Ã”ng LÃª Quá»‘c Vinh - Chá»§ tá»‹ch HÄQT, Táº­p Ä‘oÃ n Truyá»n thÃ´ng LÃª - Ã”ng HoÃ ng Nam Tiáº¿n - Chá»§ tá»‹ch FPT Software ï¸ğŸ¤Äiá»u phá»‘i tháº£o luáº­n - BÃ  QuÃ¡ch HÆ°Æ¡ng â€“ NhÃ  sÃ¡ng láº­p cÃ´ng ty khai váº¥n Coach For Life ----------------------- ğŸ’¢Khung sá»± kiá»‡n: Panel 1ï¸âƒ£: Tháº¿ nÃ o lÃ  má»™t â€œhá»‡ sinh thÃ¡i lÃ nh máº¡nhâ€ trong doanh nghiá»‡p? Panel 2ï¸âƒ£: TiÃªu chuáº©n hoÃ¡ 3 ná»n táº£ng cá»§a há»‡ sinh thÃ¡i: tÆ° tÆ°á»Ÿng lÃ£nh Ä‘áº¡o â€“ há»‡ thá»‘ng quáº£n trá»‹ - nguá»“n lá»±c con ngÆ°á»i  Panel 3ï¸âƒ£: Vai trÃ² cá»§a vÄƒn hoÃ¡ doanh nghiá»‡p trong há»‡ sinh thÃ¡i lÃ nh máº¡nh",10,10,,,,,,BÃ¬nh luáº­,2721996471163278,/story.php?story_fbid=2721996471163278&id=584865798209700
Táº¡p ChÃ­ Doanh NhÃ¢n,,2019-08-06 10:00:32,"Há»™i tháº£o LÃ m sao Ä‘á»ƒ â€œcáº¥y ná»nâ€ tá»« trong doanh nghiá»‡p?  Link ÄÄƒng kÃ½:   Náº¿u muá»‘n nhÃ¢n viÃªn cá»‘ng hiáº¿n háº¿t mÃ¬nh, háº¡nh phÃºc vá»›i cÃ´ng viá»‡c, Ä‘á»“ng lÃ²ng hÆ°á»›ng tá»›i má»¥c tiÃªu, nhÃ  lÃ£nh Ä‘áº¡o cáº§n â€œcáº¥y"" vÃ o tá»• chá»©c nhá»¯ng giÃ¡ trá»‹ phÃ¹ há»£p Ä‘á»ƒ táº¡o ra má»™t há»‡ sinh thÃ¡i lÃ nh máº¡nh. Váº­y, tháº¿ nÃ o lÃ  má»™t há»‡ sinh thÃ¡i láº¡nh máº¡nh, ná»n mÃ³ng cho cáº¥u trÃºc Ä‘Ã³ Ä‘Æ°á»£c vun Ä‘áº¯p bá»Ÿi nhá»¯ng giÃ¡ trá»‹ nÃ o, lÃ m sao Ä‘á»ƒ há»‡ sinh thÃ¡i Ä‘Ã³ Ä‘Æ°á»£c váº­n hÃ nh tá»‘i Æ°u?  Há»™i tháº£o LÃ m sao Ä‘á»ƒ â€œcáº¥y ná»nâ€ tá»« trong doanh nghiá»‡p? vá»›i sá»± dáº«n dáº¯t cá»§a cÃ¡c chuyÃªn gia hÃ ng Ä‘áº§u trong lÄ©nh vá»±c quáº£n trá»‹ vÃ  khai váº¥n sáº½ giÃºp cÃ¡c nhÃ  lÃ£nh Ä‘áº¡o giáº£i Ä‘Ã¡p nhá»¯ng cÃ¢u há»i trÃªn, theo 3 phiÃªn tháº£o luáº­n:  1. Äá»‹nh hÃ¬nh má»™t há»‡ sinh thÃ¡i lÃ nh máº¡nh trong doanh nghiá»‡p bao gá»“m 3 trá»¥ cá»™t: tÆ° tÆ°á»Ÿng lÃ£nh Ä‘áº¡o (1); há»‡ thá»‘ng quáº£n trá»‹ (2); vÃ  nguá»“n lá»±c con ngÆ°á»i (3).  2. XÃ¡c láº­p tiÃªu chuáº©n cho cÃ¡c trá»¥ cá»™t, tá»« phÃ¡t triá»ƒn tÆ° tÆ°á»Ÿng vÃ  nÄƒng lá»±c lÃ£nh Ä‘áº¡o; xÃ¢y dá»±ng há»‡ thá»‘ng quáº£n trá»‹ hiá»‡u quáº£ bá»n vá»¯ng; Ä‘áº¿n chÄƒm lo cho nguá»“n lá»±c con ngÆ°á»i.  3. DÃ¹ng vÄƒn hoÃ¡ doanh nghiá»‡p lÃ m cÃ´ng cá»¥ chuyá»ƒn táº£i â€œngÃ´n ngá»¯â€ cá»§a quáº£n trá»‹ (Ä‘Æ°á»ng hÆ°á»›ng, quyáº¿t sÃ¡ch, phÆ°Æ¡ng phÃ¡p quáº£n lÃ½, táº¡o Ä‘á»™ng lá»±c, Ä‘Ã o táº¡o vÃ  phÃ¡t triá»ƒn nhÃ¢n sá»±,â€¦). HÃ£y Ä‘Äƒng kÃ½ vÃ© tham dá»± sá»± kiá»‡n náº¿u báº¡n muá»‘n: - HoÃ n thiá»‡n táº§m nhÃ¬n chiáº¿n lÆ°á»£c vÃ  tÆ° duy lÃ£nh Ä‘áº¡o - XÃ¢y dá»±ng há»‡ thá»‘ng quáº£n trá»‹ hiá»‡u quáº£, thÃ´ng suá»‘t; Ä‘á»™i ngÅ© nhÃ¢n sá»± tÃ i Ä‘á»©c - Trang bá»‹ cho tá»• chá»©c má»™t ná»n táº£ng vÄƒn hoÃ¡ nhÃ¢n báº£n  LiÃªn há»‡ trá»±c tiáº¿p Mr.Trung: 0968938045 Ä‘á»ƒ Ä‘Æ°á»£c há»— trá»£ Ä‘Äƒng kÃ½ nhanh.",4,4,,,,,,BÃ¬nh luáº­,2719447578084834,/DoanhNhanMagazine/photos/a.584866498209630/2719447578084834
Táº¡p ChÃ­ Doanh NhÃ¢n,,2019-08-06 10:00:06,"â€œCáº¥y ná»nâ€, hay chÃ­nh lÃ  xÃ¢y dá»±ng â€œhá»‡ sinh thÃ¡i lÃ nh máº¡nhâ€ trong doanh nghiá»‡p chÃ­nh lÃ  bÃ­ quyáº¿t Ä‘áº£m báº£o sá»± phÃ¡t triá»ƒn bá»n vá»¯ng, giÃºp tá»• chá»©c cÃ³ â€œsá»©c Ä‘á» khÃ¡ngâ€ Ä‘á»ƒ máº¡nh máº½ vÆ°á»£t qua má»i thá»­ thÃ¡ch vÃ  vá»¯ng vÃ ng phÃ¡t triá»ƒn. Hiá»ƒu rÃµ mong muá»‘n cá»§a cá»™ng Ä‘á»“ng doanh nghiá»‡p Táº¡p chÃ­ Doanh NhÃ¢n xin giá»›i thiá»‡u há»™i tháº£o: âœ´ï¸âœ´ï¸âœ´ï¸ LÃ m sao Ä‘á»ƒ â€œcáº¥y ná»nâ€ tá»« trong doanh nghiá»‡p: DÃ¹ng vÄƒn hÃ³a Ä‘á»ƒ chuyá»ƒn táº£i ngÃ´n ngá»¯ quáº£n trá»‹ âœ´ï¸âœ´ï¸âœ´ï¸ ğŸ‘‰ThÃ´ng tin sá»± kiá»‡n: âœ… Thá»i gian: Tá»« 13h30 Ä‘áº¿n 16h15 Thá»© 4 - NgÃ y 21/08/2019 âœ… Äá»‹a Ä‘iá»ƒm: The Vuon Luxury Garden Office - Táº©ng 3 - D2 Giáº£ng VÃµ, HÃ  Ná»™i âœ… Agenda: Tham kháº£o lá»‹ch trÃ¬nh chi tiáº¿t cá»§a sá»± kiá»‡n táº¡i Ä‘Ã¢y (http://bit.ly/agendaSK)",4,4,,,,,,BÃ¬nh luáº­,2719447074751551,/story.php?story_fbid=2719447074751551&id=584865798209700
Táº¡p ChÃ­ Doanh NhÃ¢n,,2019-08-05 17:17:08,,100,97,,3,,,,BÃ¬nh luáº­,369716613713389,/events/369716613713389?view=permalink&id=369716617046722
Táº¡p ChÃ­ Doanh NhÃ¢n,,2019-08-05 16:27:11,"ğŸŒ±ğŸŒ±ğŸŒ±â€œCáº¥y ná»nâ€ tá»« trong doanh nghiá»‡p? ğŸŒ±ğŸŒ±ğŸŒ± âœ…Link ÄÄƒng kÃ½: https://bit.ly/2KdWlgq ğŸ¶ğŸ°ğŸ Má»™t chÃº chÃ³ sÄƒn cháº¡y kháº¯p cÃ¡nh Ä‘á»“ng dÆ°á»›i chÃ¢n nÃºi mÃ  khÃ´ng báº¯t Ä‘Æ°á»£c con thá» nÃ o.  NgÆ°á»i chÄƒn dÃª tháº¥y tháº¿ thÃ¬ cÆ°á»i, trÃªu chÃº chÃ³: â€œChÃº tháº­t báº¥t tÃ i. Con thá» nhá» hÆ¡n chÃº bao nhiÃªu mÃ  cÃ²n cháº¡y nhanh hÆ¡nâ€. ChÃ³ sÄƒn Ä‘Ã¡p: â€œMá»¥c Ä‘Ã­ch cháº¡y cá»§a bá»n tÃ´i hoÃ n toÃ n khÃ¡c nhau! TÃ´i cháº¡y chá»‰ vÃ¬ miáº¿ng Äƒn, cÃ²n thá» cháº¡y vÃ¬ tÃ­nh máº¡ng!â€. Trong thá»±c táº¿, khi thá»±c thi chÃ­nh sÃ¡ch, quy trÃ¬nh cÃ¡c nhÃ¢n viÃªn thÆ°á»ng tiáº¿p nháº­n, tuÃ¢n thá»§ theo lá»‘i khÃ´ cá»©ng vÃ  thÃ¡i Ä‘á»™ tiÃªu cá»±c. Äá»ƒ nhÃ¢n viÃªn thoáº£i mÃ¡i, lÃ m viá»‡c hiá»‡u quáº£; Ä‘Ã³ng gÃ³p cho má»™t tráº­t tá»± chung, Ä‘oÃ n káº¿t vÃ  thÃ´ng cáº£m láº«n nhau; vai trÃ² cá»§a lÃ£nh Ä‘áº¡o lÃ  quan trá»ng nháº¥t. NgÆ°á»i quáº£n lÃ½ cáº§n táº¡o ra há»‡ sinh thÃ¡i trong doanh nghiá»‡p Ä‘Æ°á»£c cáº¥y ná»n tá»« nhá»¯ng giÃ¡ trá»‹ cÆ¡ báº£n. Há»‡ sinh thÃ¡i lÃ nh máº¡nh sáº½ cÃ³ cÃ¡c yáº¿u tá»‘ Ä‘á»ƒ tá»‘i Ä‘a hoÃ¡ nÄƒng lá»±c cá»§a Ä‘á»™i ngÅ© nhÃ¢n sá»±. NhÆ°ng Ä‘á»ƒ hiá»ƒu vÃ  táº¡o dá»±ng Ä‘Æ°á»£c, Ä‘Ã²i há»i nhÃ  quáº£n lÃ½ cáº§n nhá»¯ng kiáº¿n thá»©c Ä‘Ãºng vá» vÄƒn hÃ³a doanh nghiá»‡p vÃ  nguyÃªn lÃ½ quáº£n trá»‹. Hiá»ƒu rÃµ mong muá»‘n cá»§a cá»™ng Ä‘á»“ng doanh nghiá»‡p Táº¡p chÃ­ Doanh NhÃ¢n xin giá»›i thiá»‡u há»™i tháº£o: âœ´ï¸âœ´ï¸âœ´ï¸ LÃ m sao Ä‘á»ƒ â€œcáº¥y ná»nâ€ tá»« trong doanh nghiá»‡p: DÃ¹ng vÄƒn hÃ³a Ä‘á»ƒ chuyá»ƒn táº£i ngÃ´n ngá»¯ quáº£n trá»‹  âœ´ï¸âœ´ï¸âœ´ï¸ ğŸ‘‰ThÃ´ng tin sá»± kiá»‡n: âœ… Thá»i gian: Tá»« 13h30 Ä‘áº¿n 16h15 Thá»© 4 - NgÃ y 21/08/2019 âœ… Äá»‹a Ä‘iá»ƒm: The Vuon Luxury Garden Office - Táº©ng 3 - D2 Giáº£ng VÃµ, HÃ  Ná»™i âœ… Agenda: Tham kháº£o lá»‹ch trÃ¬nh chi tiáº¿t cá»§a sá»± kiá»‡n táº¡i Ä‘Ã¢y (http://bit.ly/agendaSK) ğŸ—£ï¸Diá»…n giáº£: - GiÃ¡o sÆ° Phan VÄƒn TrÆ°á»ng - ChuyÃªn gia cao cáº¥p trong lÄ©nh vá»±c Ä‘Ã m phÃ¡n quá»‘c táº¿, cá»‘ váº¥n cá»§a ChÃ­nh phá»§ PhÃ¡p  - Ã”ng LÃª Quá»‘c Vinh - Chá»§ tá»‹ch HÄQT, Táº­p Ä‘oÃ n Truyá»n thÃ´ng LÃª - Ã”ng HoÃ ng Nam Tiáº¿n - Chá»§ tá»‹ch FPT Software ï¸ğŸ¤Äiá»u phá»‘i tháº£o luáº­n - BÃ  QuÃ¡ch HÆ°Æ¡ng â€“ NhÃ  sÃ¡ng láº­p cÃ´ng ty khai váº¥n Coach For Life  ğŸ’¢Khung sá»± kiá»‡n: Panel 1ï¸âƒ£: Tháº¿ nÃ o lÃ  má»™t â€œhá»‡ sinh thÃ¡i lÃ nh máº¡nhâ€ trong doanh nghiá»‡p? Panel 2ï¸âƒ£: TiÃªu chuáº©n hoÃ¡ 3 ná»n táº£ng cá»§a há»‡ sinh thÃ¡i: tÆ° tÆ°á»Ÿng lÃ£nh Ä‘áº¡o â€“ há»‡ thá»‘ng quáº£n trá»‹ - nguá»“n lá»±c con ngÆ°á»i  Panel 3ï¸âƒ£: Vai trÃ² cá»§a vÄƒn hoÃ¡ doanh nghiá»‡p trong há»‡ sinh thÃ¡i lÃ nh máº¡nh",7,7,,,,,,1 bÃ¬nh luáº­,2718034521559473,/story.php?story_fbid=2718034521559473&id=584865798209700
Táº¡p ChÃ­ Doanh NhÃ¢n,,2019-07-30 22:00:01,VÃ¬ sao Hong Kong Ä‘Æ°á»£c gá»i lÃ  xá»© Cáº£ng ThÆ¡m? #doanhnhanmagazine #tapchidoanhnhan #doanhnhan + Website: www.doanhnhanonline.com.vn,6,6,,,,,,BÃ¬nh luáº­,2707105265985732,/story.php?story_fbid=2707105265985732&id=584865798209700
Táº¡p ChÃ­ Doanh NhÃ¢n,,2019-07-30 14:33:33,,11,11,,,,,,BÃ¬nh luáº­,2465396350156626,/DoanhNhanMagazine/photos/a.584866498209630/2465396350156626
Táº¡p ChÃ­ Doanh NhÃ¢n,,2019-07-28 23:10:11,Kem á»‘c quáº¿ dÃ¡t vÃ ng 24k á»Ÿ HÃ  Ná»™i #doanhnhanmagazine #tapchidoanhnhan #doanhnhan + Website: www.doanhnhanonline.com.vn,5,5,,,,,,BÃ¬nh luáº­,2699827350046857,/story.php?story_fbid=2699827350046857&id=584865798209700
Táº¡p ChÃ­ Doanh NhÃ¢n,,2019-07-27 17:11:26,QuÃ¡n há»§ tiáº¿u má»±c trong háº»m SÃ i GÃ²n thu gáº§n 300 triá»‡u má»™t thÃ¡ng. #doanhnhanmagazine #tapchidoanhnhan #doanhnhan + Website: www.doanhnhanonline.com.vn,7,7,,,,,,BÃ¬nh luáº­,2699807543382171,/story.php?story_fbid=2699807543382171&id=584865798209700
Táº¡p ChÃ­ Doanh NhÃ¢n,,2019-07-24 17:10:52,"ğŸ’¢ğŸ’¢ğŸ’¢ Nhá»¯ng khoáº£nh kháº¯c Ä‘Ã¡ng nhá»› táº¡i Há»™i tháº£o: ""Hiá»ƒu vÃ  thá»±c hÃ nh Omotenashi trong doanh nghiá»‡p Viá»‡t: Triáº¿t lÃ½ khÃ¡ch hÃ ng lÃ  ngÆ°á»i thÃ¢n"" ğŸ’¢ğŸ’¢ğŸ’¢ Vá»«a qua ngÃ y 20/07, Há»™i tháº£o Ä‘Æ°á»£c Doanh NhÃ¢n Online vÃ  Viá»‡n PhÃ¡t triá»ƒn Quáº£n trá»‹ vÃ  CÃ´ng nghá»‡ má»›i (IMT) tá»• chá»©c. Vá»›i má»¥c tiÃªu giÃºp doanh nghiá»‡p hiá»ƒu tháº¥u Ä‘Ã¡o hÆ¡n vá» tinh tháº§n dá»‹ch vá»¥ ná»•i tiáº¿ng Omotenashi, hy vá»ng cÃ¡c kiáº¿n thá»©c tá»« cÃ¡c chuyÃªn gia chia sáº» Ä‘Ã£ Ä‘Æ°á»£c trao gá»­i vÃ  lan toáº£.  Doanh NhÃ¢n Online vÃ  IMT mong ráº±ng nhá»¯ng mÃ´ hÃ¬nh vÃ  bÃ i há»c chia sáº» táº¡i há»™i tháº£o sáº½ giÃºp Ã­ch cÅ©ng nhÆ° giáº£i Ä‘Ã¡p khÃºc máº¯c mÃ  chÃ­nh quÃ½ doanh nghiá»‡p Ä‘Ã£ vÃ  Ä‘ang gáº·p pháº£i hÃ ng ngÃ y. Trong tÆ°Æ¡ng lai, cÃ¡c há»™i tháº£o Doanh NhÃ¢n Online sáº½ tiáº¿p tá»¥c Ä‘á»“ng hÃ nh cÃ¹ng cÃ¡c doanh nghiá»‡p trÃªn tiáº¿n trÃ¬nh xÃ¢y dá»±ng cá»™ng Ä‘á»“ng kinh doanh thÃ nh cÃ´ng, vÄƒn minh táº¡i Viá»‡t Nam. #doanhnhanmagazine #tapchidoanhnhan #doanhnhan #omotenashi + Website: www.doanhnhanonline.com.vn",7,7,,,,,,BÃ¬nh luáº­,2696199577076301,/story.php?story_fbid=2696199577076301&id=584865798209700
Táº¡p ChÃ­ Doanh NhÃ¢n,,2019-07-23 23:00:00,KÃ­nh Ã¡p trÃ²ng Ä‘iá»‡n tá»­ cÃ³ kháº£ nÄƒng chá»‰ Ä‘Æ°á»ng á»Ÿ Má»¹ #doanhnhanmagazine #tapchidoanhnhan #doanhnhan + Website: www.doanhnhanonline.com.vn,10,5,,,5,,,2 bÃ¬nh luáº­,2694257810603811,/story.php?story_fbid=2694257810603811&id=584865798209700
,,2019-07-20 12:00:00,,,,,,,,,,2695675610462031,/ufi/reaction/profile/browser/?ft_ent_identifier=2695674980462094&refid=17&_ft_=top_level_post_id.2695675610462031%3Atl_objid.2695675610462031%3Apage_id.584865798209700%3Aphoto_attachments_list.%5B2695675057128753%2C2695675037128755%2C2695675047128754%2C2695675440462048%5D%3Aphoto_id.2695675057128753%3Astory_location.4%3Astory_attachment_style.new_album%3Atagged_locations.108458769184495%3Apage_insights.%7B%22584865798209700%22%3A%7B%22page_id%22%3A584865798209700%2C%22actor_id%22%3A584865798209700%2C%22dm%22%3A%7B%22isShare%22%3A0%2C%22originalPostOwnerID%22%3A0%7D%2C%22psn%22%3A%22EntPhotoNodeBasedEdgeStory%22%2C%22post_context%22%3A%7B%22object_fbtype%22%3A22%2C%22publish_time%22%3A1563598800%2C%22story_name%22%3A%22EntPhotoNodeBasedEdgeStory%22%2C%22story_fbid%22%3A%5B2695681890461403%2C2695674980462094%5D%7D%2C%22role%22%3A1%2C%22sl%22%3A4%2C%22targets%22%3A%5B%7B%22actor_id%22%3A584865798209700%2C%22page_id%22%3A584865798209700%2C%22post_id%22%3A2695681890461403%2C%22role%22%3A1%2C%22share_id%22%3A0%7D%2C%7B%22actor_id%22%3A584865798209700%2C%22page_id%22%3A584865798209700%2C%22post_id%22%3A2695674980462094%2C%22role%22%3A1%2C%22share_id%22%3A0%7D%5D%7D%2C%22108458769184495%22%3A%7B%22page_id%22%3A108458769184495%2C%22actor_id%22%3A584865798209700%2C%22dm%22%3A%7B%22isShare%22%3A0%2C%22originalPostOwnerID%22%3A0%7D%2C%22psn%22%3A%22EntPhotoNodeBasedEdgeStory%22%2C%22role%22%3A4%2C%22sl%22%3A4%7D%7D%3Athid.584865798209700%3A306061129499414%3A43%3A0%3A1572591599%3A8353169837659310294&__tn__=%2AW-R#footer_action_list
Táº¡p ChÃ­ Doanh NhÃ¢n,,2019-07-22 17:45:13,"Vá»«a qua, ngÃ y 20/07, há»™i tháº£o â€œHiá»ƒu vÃ  thá»±c hÃ nh Omotenashi trong doanh nghiá»‡p Viá»‡t: Triáº¿t lÃ½ khÃ¡ch hÃ ng lÃ  ngÆ°á»i thÃ¢nâ€ do táº¡p chÃ­ Doanh NhÃ¢n káº¿t há»£p cÃ¹ng Viá»‡n PhÃ¡t triá»ƒn Quáº£n trá»‹ vÃ  CÃ´ng nghá»‡ má»›i - IMT tá»• chá»©c Ä‘Ã£ diá»…n gia.  Vá»›i sá»± tham dá»± vÃ  chia sáº» cá»§a cÃ¡c chuyÃªn gia phÃ¡t triá»ƒn dá»‹ch vá»¥ khÃ¡ch hÃ ng tá»« nhiá»u Ä‘Æ¡n vá»‹ trong vÃ  ngoÃ i nÆ°á»›c, Ä‘Ã£ giÃºp nhiá»u doanh nghiá»‡p hiá»ƒu tháº¥u Ä‘Ã¡o hÆ¡n vá» tinh tháº§n dá»‹ch vá»¥ ná»•i tiáº¿ng Omotenashi vÃ  cÃ¡ch Ã¡p dá»¥ng phÆ°Æ¡ng phÃ¡p nÃ y ra sao trong thá»±c táº¿ doanh nghiá»‡p Viá»‡t. Nhá»¯ng hÃ¬nh áº£nh táº¡i sá»± kiá»‡n sáº½ Ä‘Æ°á»£c chÃºng tÃ´i cáº­p nháº­t sá»›m nháº¥t tá»›i toÃ n thá»ƒ quÃ½ Ä‘á»™c giáº£! #doanhnhanonline #omotenashi #doanhnhanseminar",8,8,,,,,,BÃ¬nh luáº­,2692433210786271,/story.php?story_fbid=2692433210786271&id=584865798209700
Táº¡p ChÃ­ Doanh NhÃ¢n,,2019-07-19 08:52:04,"ğŸ‘ğŸ‘ğŸ‘ ChÆ°a Ä‘áº§y 24h ná»¯a, há»™i tháº£o ""Hiá»ƒu vÃ  thá»±c hÃ nh Omotenashi trong doanh nghiá»‡p Viá»‡t: Triáº¿t lÃ½ khÃ¡ch hÃ ng lÃ  ngÆ°á»i thÃ¢n"" sáº½ chÃ­nh thá»©c diá»…n ra. â—Äá»«ng quÃªn note láº¡i lá»‹ch sá»± kiá»‡n Ä‘á»ƒ khÃ´ng bá» lá»¡ nhá»¯ng chia sáº» quÃ½ giÃ¡ cá»§a cÃ¡c diá»…n giáº£ hÃ ng Ä‘áº§u vá» dá»‹ch vá»¥ khÃ¡ch hÃ ng nhÃ©! Sá»± kiá»‡n do Táº¡p chÃ­ Doanh NhÃ¢n, phá»‘i há»£p cÃ¹ng Viá»‡n PhÃ¡t triá»ƒn Quáº£n trá»‹ vÃ  CÃ´ng nghá»‡ má»›i IMT tá»• chá»©c. ğŸ’¢ThÃ´ng tin chi tiáº¿t vá» sá»± kiá»‡n: http://bit.ly/omotenashi-seminar-mua-ve ÄÄƒng kÃ½ ngay táº¡i: http://bit.ly/omotenashi-seminar-dang-ky ğŸ’¯Há»™i tháº£o ""Hiá»ƒu vÃ  thá»±c hÃ nh Omotenashi trong doanh nghiá»‡p Viá»‡t: Triáº¿t lÃ½ khÃ¡ch hÃ ng lÃ  ngÆ°á»i thÃ¢n"" â°Thá»i gian: 8:00 - 12:00 ngÃ y 20/07/2019  ğŸ¨Äá»‹a Ä‘iá»ƒm: PhÃ²ng há»™i tháº£o Ã‰n Teahouse & Restaurant, 308C Äiá»‡n BiÃªn Phá»§, P. 4, Q. 3",25,3,,,22,,,BÃ¬nh luáº­,2686267651402827,/story.php?story_fbid=2686267651402827&id=584865798209700
Táº¡p ChÃ­ Doanh NhÃ¢n,,2019-07-17 17:02:56,"ğŸ’¢ğŸ’¢ğŸ’¢ HIá»‚U VÃ€ THá»°C HÃ€NH OMOTENASHI TRONG DOANH NGHIá»†P VIá»†T: TRIáº¾T LÃ KHÃCH HÃ€NG LÃ€ NGÆ¯á»œI THÃ‚N ğŸ’¢ğŸ’¢ğŸ’¢ â° Thá»i gian: 8:00 - 12:00 ngÃ y 20/07/2019  ğŸ¨ Äá»‹a Ä‘iá»ƒm: PhÃ²ng há»™i tháº£o Ã‰n Teahouse & Restaurant, 308C Äiá»‡n BiÃªn Phá»§, P. 4, Q. 3 ğŸ—£Diá»…n giáº£:  1. BÃ  Ã” Thá»‹ Má»¹ PhÆ°á»£ng, TrÆ°á»Ÿng phÃ²ng dá»‹ch vá»¥ vÃ  sá»± hÃ i lÃ²ng khÃ¡ch hÃ ng, Aeon Viá»‡t Nam 2. BÃ  Huá»³nh Thá»‹ Kim Thanh, PhÃ³ GiÃ¡m Ä‘á»‘c ÄÃ o táº¡o Váº­n hÃ nh, Aeon Viá»‡t Nam 3. BÃ  LÃ½ Má»¹ Háº¡nh, ChuyÃªn gia huáº¥n luyá»‡n vá» dá»‹ch vá»¥ khÃ¡ch hÃ ng  4. BÃ  Cung Thá»‹ ThÃ¹y Linh, GiÃ¡m Ä‘á»‘c thÆ°Æ¡ng hiá»‡u, KAMO ğŸ› ÄÄƒng kÃ½ mua vÃ©: http://bit.ly/omotenashi-seminar-dang-ky ğŸ« KHUYáº¾N Máº I GIáº¢M 10% CHO NHÃ“M 3 Báº N ÄÄ‚NG KÃ Sá»šM NHáº¤T TRONG HÃ”M N",24,5,,,19,,,BÃ¬nh luáº­,2683196791709913,/story.php?story_fbid=2683196791709913&id=584865798209700
Táº¡p ChÃ­ Doanh NhÃ¢n,,2019-07-15 11:32:09,"ğŸ’¢ğŸ’¢ğŸ’¢ HIá»‚U VÃ€ THá»°C HÃ€NH OMOTENASHI TRONG DOANH NGHIá»†P VIá»†T: TRIáº¾T LÃ KHÃCH HÃ€NG LÃ€ NGÆ¯á»œI THÃ‚N --- â° Thá»i gian: 8:00 - 12:00 ngÃ y 20/07/2019  ğŸ¨ Äá»‹a Ä‘iá»ƒm: PhÃ²ng há»™i tháº£o Ã‰n Teahouse & Restaurant, 308C Äiá»‡n BiÃªn Phá»§, P. 4, Q. 3 ğŸ—£ï¸ Diá»…n giáº£:  1. BÃ  Ã” Thá»‹ Má»¹ PhÆ°á»£ng, TrÆ°á»Ÿng phÃ²ng dá»‹ch vá»¥ vÃ  sá»± hÃ i lÃ²ng khÃ¡ch hÃ ng, Aeon Viá»‡t Nam 2. BÃ  Huá»³nh Thá»‹ Kim Thanh, PhÃ³ GiÃ¡m Ä‘á»‘c ÄÃ o táº¡o Váº­n hÃ nh, Aeon Viá»‡t Nam 3. Ã”ng Pháº¡m Ngá»c Tuáº¥n, Chá»§ tá»‹ch Viá»‡n IMT, Chá»§ tá»‹ch Ban liÃªn láº¡c cá»±u tu nghiá»‡p sinh AOTS 4. BÃ  LÃ½ Má»¹ Háº¡nh, ChuyÃªn gia huáº¥n luyá»‡n vá» dá»‹ch vá»¥ khÃ¡ch hÃ ng  5. BÃ  Cung Thá»‹ ThÃ¹y Linh, GiÃ¡m Ä‘á»‘c thÆ°Æ¡ng hiá»‡u, KAMO ÄÄƒng kÃ½ mua vÃ©: http://bit.ly/omotenashi-seminar-dang-ky",83,12,,71,,,,BÃ¬nh luáº­,2679221565440769,/story.php?story_fbid=2679221565440769&id=584865798209700
Táº¡p ChÃ­ Doanh NhÃ¢n,,2019-07-15 07:00:00,"ğŸ––ğŸ–– 4 bÆ°á»›c Ã¡p dá»¥ng triáº¿t lÃ½ Omotenashi trong kinh doanh BÆ°á»›c 1ï¸âƒ£: LÃ m rÃµ triáº¿t lÃ½ kinh doanh vÃ  tháº©m tháº¥u Ä‘áº¿n nhÃ¢n viÃªn BÆ°á»›c 2ï¸âƒ£: Hiá»ƒu tháº¥u Ä‘Ã¡o triáº¿t lÃ½ kinh doanh vÃ  chia sáº» vá»›i nhÃ¢n viÃªn - Giáº£i thÃ­ch tá»« ngá»¯ - XÃ¢y dá»±ng kim chá»‰ nam trong hÃ nh Ä‘á»™ng (suy nghÄ©) - LÃ m rÃµ nhiá»‡m vá»¥ BÆ°á»›c 3ï¸âƒ£: LÃ½ giáº£i triáº¿t lÃ½ kinh doanh vÃ  xÃ¡c Ä‘á»‹nh má»¥c tiÃªu thá»±c hiá»‡n (hÃ nh Ä‘á»™ng) BÆ°á»›c 4ï¸âƒ£: Thay Ä‘á»•i thÃ¡i Ä‘á»™ - kÃªu gá»i hÃ nh Ä‘á»™ng cá»§a nhÃ¢n viÃªn Äá»ƒ hiá»ƒu hÆ¡n vá» cÃ¡ch Ã¡p dá»¥ng Omotenashi cho doanh nghiá»‡p Viá»‡t Nam, hÃ£y cÅ©ng cÃ¡c diá»…n giáº£ tÃ¬m hiá»ƒu thÃªm trong case study á»Ÿ pháº§n 3 cá»§a há»™i tháº£o: ""Hiá»ƒu vÃ  thá»±c hÃ nh Omotenashi trong doanh nghiá»‡p Viá»‡t: Triáº¿t lÃ½ khÃ¡ch hÃ ng lÃ  ngÆ°á»i thÃ¢n"". Sá»± kiá»‡n do Táº¡p chÃ­ Doanh NhÃ¢n, phá»‘i há»£p cÃ¹ng Viá»‡n PhÃ¡t triá»ƒn Quáº£n trá»‹ vÃ  CÃ´ng nghá»‡ má»›i IMT tá»• chá»©c. ğŸ’¢ ÄÄƒng kÃ½ ngay táº¡i: http://bit.ly/omotenashi-seminar-dang-ky Há»™i tháº£o ""Hiá»ƒu vÃ  thá»±c hÃ nh Omotenashi trong doanh nghiá»‡p Viá»‡t: Triáº¿t lÃ½ khÃ¡ch hÃ ng lÃ  ngÆ°á»i thÃ¢n"" â° Thá»i gian: 8:00 - 12:00 ngÃ y 20/07/2019  ğŸ¨ Äá»‹a Ä‘iá»ƒm:  PhÃ²ng há»™i tháº£o Ã‰n Teahouse & Restaurant, 308C Äiá»‡n BiÃªn Phá»§, P. 4, Q. 3",17,4,,,13,,,BÃ¬nh luáº­,2660976343931958,/story.php?story_fbid=2660976343931958&id=584865798209700
Táº¡p ChÃ­ Doanh NhÃ¢n,,2019-07-12 14:00:00,"ğŸ’¢ğŸ’¢ğŸ’¢ HIá»‚U VÃ€ THá»°C HÃ€NH OMOTENASHI TRONG DOANH NGHIá»†P VIá»†T: TRIáº¾T LÃ KHÃCH HÃ€NG LÃ€ NGÆ¯á»œI THÃ‚N --- â° Thá»i gian: 8:00 - 12:00 ngÃ y 20/07/2019  ğŸ¨ Äá»‹a Ä‘iá»ƒm: PhÃ²ng há»™i tháº£o Ã‰n Teahouse & Restaurant, 308C Äiá»‡n BiÃªn Phá»§, P. 4, Q. 3 ğŸ—£ï¸ Diá»…n giáº£:  1. BÃ  Ã” Thá»‹ Má»¹ PhÆ°á»£ng, TrÆ°á»Ÿng phÃ²ng dá»‹ch vá»¥ vÃ  sá»± hÃ i lÃ²ng khÃ¡ch hÃ ng, Aeon Viá»‡t Nam 2. BÃ  Huá»³nh Thá»‹ Kim Thanh, PhÃ³ GiÃ¡m Ä‘á»‘c ÄÃ o táº¡o Váº­n hÃ nh, Aeon Viá»‡t Nam 3. Ã”ng Pháº¡m Ngá»c Tuáº¥n, Chá»§ tá»‹ch Viá»‡n IMT, Chá»§ tá»‹ch Ban liÃªn láº¡c cá»±u tu nghiá»‡p sinh AOTS 4. BÃ  LÃ½ Má»¹ Háº¡nh, ChuyÃªn gia huáº¥n luyá»‡n vá» dá»‹ch vá»¥ khÃ¡ch hÃ ng  5. BÃ  Cung Thá»‹ ThÃ¹y Linh, GiÃ¡m Ä‘á»‘c thÆ°Æ¡ng hiá»‡u, KAMO ÄÄƒng kÃ½ mua vÃ©: http://bit.ly/omotenashi-seminar-dang-ky",7,7,,,,,,BÃ¬nh luáº­,2673546662674926,/story.php?story_fbid=2673546662674926&id=584865798209700
Táº¡p ChÃ­ Doanh NhÃ¢n,,2019-07-12 09:22:09,"ğŸ’¢ğŸ’¢ğŸ’¢ HIá»‚U VÃ€ THá»°C HÃ€NH OMOTENASHI TRONG DOANH NGHIá»†P VIá»†T: TRIáº¾T LÃ KHÃCH HÃ€NG LÃ€ NGÆ¯á»œI THÃ‚N --- â° Thá»i gian: 8:00 - 12:00 ngÃ y 20/07/2019  ğŸ¨ Äá»‹a Ä‘iá»ƒm: PhÃ²ng há»™i tháº£o Ã‰n Teahouse & Restaurant, 308C Äiá»‡n BiÃªn Phá»§, P. 4, Q. 3 ğŸ—£ï¸ Diá»…n giáº£:  1. BÃ  Ã” Thá»‹ Má»¹ PhÆ°á»£ng, TrÆ°á»Ÿng phÃ²ng dá»‹ch vá»¥ vÃ  sá»± hÃ i lÃ²ng khÃ¡ch hÃ ng, Aeon Viá»‡t Nam 2. BÃ  Huá»³nh Thá»‹ Kim Thanh, PhÃ³ GiÃ¡m Ä‘á»‘c ÄÃ o táº¡o Váº­n hÃ nh, Aeon Viá»‡t Nam 3. Ã”ng Pháº¡m Ngá»c Tuáº¥n, Chá»§ tá»‹ch Viá»‡n IMT, Chá»§ tá»‹ch Ban liÃªn láº¡c cá»±u tu nghiá»‡p sinh AOTS 4. BÃ  LÃ½ Má»¹ Háº¡nh, ChuyÃªn gia huáº¥n luyá»‡n vá» dá»‹ch vá»¥ khÃ¡ch hÃ ng  5. BÃ  Cung Thá»‹ ThÃ¹y Linh, GiÃ¡m Ä‘á»‘c thÆ°Æ¡ng hiá»‡u, KAMO ÄÄƒng kÃ½ mua vÃ©: http://bit.ly/omotenashi-seminar-dang-ky",20,20,,,,,,BÃ¬nh luáº­,2673539422675650,/story.php?story_fbid=2673539422675650&id=584865798209700
Táº¡p ChÃ­ Doanh NhÃ¢n,,2019-07-11 15:53:20,"ğŸ‘ŒğŸ‘ŒğŸ‘Œ HÆ°á»›ng tá»›i viá»‡c hiá»ƒu Ä‘Ãºng, lÃ m Ä‘Ãºng vÃ  táº¡o giÃ¡ trá»‹ thá»±c dá»±a trÃªn tinh tháº§n Omotenashi, há»™i tháº£o ""Hiá»ƒu vÃ  thá»±c hÃ nh Omotenashi trong doanh nghiá»‡p Viá»‡t: Triáº¿t lÃ½ khÃ¡ch hÃ ng lÃ  ngÆ°á»i thÃ¢n"" lÃ  cÆ¡ há»™i khÃ´ng thá»ƒ bá» qua dÃ nh cho cÃ¡c quáº£n lÃ½ cáº¥p cao/trung táº¡i cÃ¡c doanh nghiá»‡p Ä‘ang hoáº¡t Ä‘á»™ng trong lÄ©nh vá»±c sáº£n xuáº¥t, dá»‹ch vá»¥ vÃ  chuá»—i nhÃ  hÃ ngâ€¦ Sá»± kiá»‡n do Táº¡p chÃ­ Doanh NhÃ¢n, phá»‘i há»£p cÃ¹ng Viá»‡n PhÃ¡t triá»ƒn Quáº£n trá»‹ vÃ  CÃ´ng nghá»‡ má»›i IMT tá»• chá»©c. ğŸ’¯ ÄÄƒng kÃ½ ngay táº¡i: http://bit.ly/omotenashi-seminar-dang-ky ğŸ”ˆ Há»™i tháº£o ""Hiá»ƒu vÃ  thá»±c hÃ nh Omotenashi trong doanh nghiá»‡p Viá»‡t: Triáº¿t lÃ½ khÃ¡ch hÃ ng lÃ  ngÆ°á»i thÃ¢n"" â° Thá»i gian: 8:00 - 12:00 ngÃ y 20/07/2019  ğŸ¬ Äá»‹a Ä‘iá»ƒm: KhÃ¡ch sáº¡n Viá»…n ÄÃ´ng, 275A Pháº¡m NgÅ© LÃ£o, PhÆ°á»ng Pháº¡m NgÅ© LÃ£o, Quáº­n 1, Tp.HCM #doanhnhanmagazine #tapchidoanhnhan #doanhnhan #omotenashi",28,27,,1,,,,BÃ¬nh luáº­,2672106019485657,/story.php?story_fbid=2672106019485657&id=584865798209700
Táº¡p ChÃ­ Doanh NhÃ¢n,,2019-07-11 15:15:50,"Tráº£i nghiá»‡m khÃ¡ch hÃ ng vÆ°á»£t trá»™i Ä‘ang dáº§n Ä‘Æ°á»£c coi lÃ  má»™t lá»£i tháº¿ cáº¡nh tranh máº¡nh máº½. Äiá»u nÃ y cáº§n xuáº¥t phÃ¡t tá»« vÄƒn hoÃ¡ Ä‘áº·t sá»± hÃ i lÃ²ng cá»§a khÃ¡ch hÃ ng lÃ m trung tÃ¢m cá»§a má»i hoáº¡t Ä‘á»™ng cá»§a doanh nghiá»‡p, tá»« cÃ¡i tÃ¢m chÃ¢n thÃ nh cá»§a ngÆ°á»i lÃ m trong ngÃ nh dá»‹ch vá»¥.",3,3,,,,,,BÃ¬nh luáº­,2672063589489900,/story.php?story_fbid=2672063589489900&id=584865798209700
Táº¡p ChÃ­ Doanh NhÃ¢n,,2019-07-11 07:00:00,"ğŸğŸ OMOTENASHI, PHá»¤C Vá»¤ KHÃCH HÃ€NG Táº¬N TÃ‚M KHÃ”NG PHáº¢I LÃ€ TÃ” Váº¼ğŸğŸ https://bigtime.vn/hoi-thao-omotenashi-4125 KhÃ´ng pháº£i nghiá»…m nhiÃªn mÃ  Nháº­t Báº£n trá»Ÿ thÃ nh má»™t trong nhá»¯ng ná»n kinh táº¿ dáº«n Ä‘áº§u chÃ¢u Ã. BÃ­ quyáº¿t lÃ  bá»Ÿi tinh tháº§n phá»¥c vá»¥ Omotenashi. NgÆ°á»i Nháº­t quan niá»‡m ráº±ng, thá»i kháº¯c gáº·p gá»¡ giá»¯a con ngÆ°á»i vá»›i con ngÆ°á»i lÃ  má»™t Ä‘iá»u Ä‘áº·c biá»‡t. ChÃ­nh vÃ¬ láº½ Ä‘Ã³, tá»« lÃ¢u cÃ¡c doanh nghiá»‡p Nháº­t Báº£n, hÆ°á»›ng dáº«n nhÃ¢n viÃªn cá»§a mÃ¬nh giá»¯ tÃ¢m niá»‡m: gáº·p má»™t khÃ¡ch hÃ ng láº§n thá»© 100 thÃ¬ láº§n thá»© 100 nÃ y cÅ©ng chá»‰ xáº£y ra 1 láº§n, hÃ£y trÃ¢n trá»ng Ä‘á»‘i phÆ°Æ¡ng! Ráº¥t nhiá»u doanh nghiá»‡p Viá»‡t hiá»ƒu Ä‘iá»u nÃ y, nhÆ°ng khi mang vá» Ã¡p dá»¥ng táº¡i Viá»‡t Nam váº«n khÃ´ng thÃ nh cÃ´ng. LÃ½ do vÃ¬ sao? Omotenashi cÃ³ chá»‰ dÃ nh cho lá»… tÃ¢n, báº£o vá»‡? Omotenashi chá»‰ lÃ  hÃ¬nh thá»©c tÃ´ váº½ tá»‘n tiá»n, khÃ´ng thá»±c táº¿ táº¡i Viá»‡t Nam? KhÃ¡ch hÃ ng Viá»‡t Nam váº«n quen â€œbÃºn máº¯ng chÃ¡o chá»­iâ€ khÃ´ng cáº§n tá»›i sá»± phá»¥c vá»¥ chu Ä‘Ã¡o? Náº¿u báº¡n váº«n Ä‘ang suy nghÄ© nhÆ° váº­y vá» cÃ¡ch triá»ƒn khai dá»‹ch vá»¥ khÃ¡ch hÃ ng thÃ¬ hÃ£y tham dá»± ngay buá»•i há»™i tháº£o do Táº¡p chÃ­ Doanh NhÃ¢n, phá»‘i há»£p cÃ¹ng Viá»‡n PhÃ¡t triá»ƒn Quáº£n trá»‹ vÃ  CÃ´ng nghá»‡ má»›i IMT tá»• chá»©c: ğŸ’¢ğŸ’¢ğŸ’¢ HIá»‚U VÃ€ THá»°C HÃ€NH OMOTENASHI TRONG DOANH NGHIá»†P VIá»†T: TRIáº¾T LÃ KHÃCH HÃ€NG LÃ€ NGÆ¯á»œI THÃ‚N --- â° Thá»i gian: 8:00 - 12:00 ngÃ y 20/07/2019  ğŸ¨ Äá»‹a Ä‘iá»ƒm: KhÃ¡ch sáº¡n Viá»…n ÄÃ´ng, 275A Pháº¡m NgÅ© LÃ£o, PhÆ°á»ng Pháº¡m NgÅ© LÃ£o, Quáº­n 1, Tp.HCM  ğŸ—“ Agenda: Tham kháº£o lá»‹ch trÃ¬nh chi tiáº¿t cá»§a sá»± kiá»‡n táº¡i hyperlink nÃ y. ğŸ—£ï¸ Diá»…n giáº£:  1. BÃ  Ã” Thá»‹ Má»¹ PhÆ°á»£ng, TrÆ°á»Ÿng phÃ²ng dá»‹ch vá»¥ vÃ  sá»± hÃ i lÃ²ng khÃ¡ch hÃ ng, Aeon Viá»‡t Nam 2. BÃ  Huá»³nh Thá»‹ Kim Thanh, PhÃ³ GiÃ¡m Ä‘á»‘c ÄÃ o táº¡o Váº­n hÃ nh, Aeon Viá»‡t Nam 3. Ã”ng Pháº¡m Ngá»c Tuáº¥n, Chá»§ tá»‹ch Viá»‡n IMT, Chá»§ tá»‹ch Ban liÃªn láº¡c cá»±u tu nghiá»‡p sinh AOTS 4. BÃ  LÃ½ Má»¹ Háº¡nh, ChuyÃªn gia huáº¥n luyá»‡n vá» dá»‹ch vá»¥ khÃ¡ch hÃ ng  5. BÃ  Cung Thá»‹ ThÃ¹y Linh, GiÃ¡m Ä‘á»‘c thÆ°Æ¡ng hiá»‡u, KAMO  ÄÄƒng kÃ½ mua vÃ©: https://bigtime.vn/hoi-thao-omotenashi-4125 ğŸ“‹ Khung sá»± kiá»‡n: Pháº§n 1: Omotenashi vÃ  5 cáº¥p Ä‘á»™ dá»‹ch vá»¥ cá»§a Nháº­t Báº£n ğŸ‘‰ KhÃ¡i niá»‡m gá»‘c Omotenashi trong vÄƒn hÃ³a dá»‹ch vá»¥ Nháº­t Báº£n lÃ  gÃ¬? ğŸ‘‰ Sá»± khÃ¡c nhau trong 5 cáº¥p Ä‘á»™ dá»‹ch vá»¥ lÃ  Moral-Manner-Service-Hospitality-Omotenashi cá»§a ngÆ°á»i Nháº­t Pháº§n 2: XÃ¢y dá»±ng tinh tháº§n Omotenashi â€œStep by Stepâ€ trong doanh nghiá»‡p ra sao?  ğŸ‘‰ XÃ¢y dá»±ng tá»« Mindset Ä‘áº¿n Ká»¹ nÄƒng nhÃ¢n viÃªn thá»±c thi tinh tháº§n Omotenashi trong thá»±c táº¿ Viá»‡t Nam ğŸ‘‰ CÃ¡ch phÃ¡t triá»ƒn Framework trong tá»• chá»©c: TiÃªu chuáº©n, hÆ°á»›ng dáº«n, thá»±c hÃ nh, kiá»ƒm tra Pháº§n 3: Trao Ä‘á»•i bÃ n trÃ²n vÃ  Q&A: Nhá»¯ng khÃ³ khÄƒn khi triá»ƒn khai Omotenashi táº¡i Viá»‡t Nam  ğŸ‘‰ Nhá»¯ng cÃ¢u chuyá»‡n thá»±c táº¿ vá» lÃ½ do triá»ƒn khai tinh tháº§n Omotenashi vÃ o doanh nghiá»‡p ğŸ‘‰ CÃ¡ch giáº£i quyáº¿t nhá»¯ng khÃ³ khÄƒn khi doanh nghiá»‡p triá»ƒn khai trong thá»±c táº¿ ğŸ‘‰ CÃ¡ch Ä‘Ã¡nh giÃ¡ hiá»‡u quáº£ khi Ã¡p dá»¥ng Omotenashi trong tá»• chá»©c",4,3,,1,,,,BÃ¬nh luáº­,2660966980599561,/story.php?story_fbid=2660966980599561&id=584865798209700
Táº¡p ChÃ­ Doanh NhÃ¢n,,2019-07-10 22:00:02,"Bá»‘c sá»‘, Ä‘á»£i hÃ ng giá» Ä‘á»ƒ mua bÃ¡nh nÆ°á»›ng hÃ¬nh 12 con giÃ¡p á»Ÿ SÃ i GÃ²n. #doanhnhanmagazine #tapchidoanhnhan #doanhnhan + Website: www.doanhnhanonline.com.vn",1,1,,,,,,BÃ¬nh luáº­,2670341932995399,/story.php?story_fbid=2670341932995399&id=584865798209700
Táº¡p ChÃ­ Doanh NhÃ¢n,,2019-07-09 10:58:32,"ğŸ‡¯ğŸ‡µ NgÆ°á»i Nháº­t ráº¥t biáº¿t cÃ¡ch nÃ¢ng táº§m nhá»¯ng váº­t dá»¥ng, hÃ nh Ä‘á»™ng tÆ°á»Ÿng thÃ´ng thÆ°á»ng thÃ nh nghá»‡ thuáº­t hÃ£y nhá»¯ng thÃ nh nhá»¯ng tráº£i nghiá»‡m Ä‘áº·c biá»‡t. XuyÃªn suá»‘t lá»‹ch sá»­, ngÆ°á»i dÃ¢n á»Ÿ xá»© sá»Ÿ Máº·t trá»i má»c luÃ´n láº¥y con ngÆ°á»i lÃ m trung tÃ¢m trong má»i sáº£n pháº©m, dá»‹ch vá»¥ mÃ  mÃ¬nh táº¡o ra. CÃ¡c doanh nhÃ¢n tháº­m chÃ­ cÃ²n dá»± Ä‘oÃ¡n chÃ­nh xÃ¡c nhá»¯ng gÃ¬ khÃ¡ch hÃ ng cáº§n vÃ  mong Ä‘á»£i ngay trÆ°á»›c cáº£ khi há» bÆ°á»›c chÃ¢nvÃ o cá»­a hÃ ng, khÃ¡ch sáº¡n, doanh nghiá»‡pâ€¦ Äiá»u nÃ y Ä‘Æ°á»£c khÃ¡i niá»‡m hoÃ¡ thÃ nh nghá»‡ thuáº­t chÄƒm sÃ³c khÃ¡ch hÃ ng Omotenashi mÃ  cÃ¡c doanh nghiá»‡p táº¡i Viá»‡t Nam Ä‘ang cÃ³ nhiá»u thuáº­n lá»£i Ä‘á»ƒ triá»ƒn khai nháº±m táº¡o lá»£i tháº¿ cáº¡nh tranh trÃªn thá»‹ trÆ°á»ng. ğŸ‘Œ HÆ°á»›ng tá»›i viá»‡c hiá»ƒu Ä‘Ãºng, lÃ m Ä‘Ãºng vÃ  táº¡o giÃ¡ trá»‹ thá»±c dá»±a trÃªn tinh tháº§n Omotenashi, há»™i tháº£o ""Hiá»ƒu vÃ  thá»±c hÃ nh Omotenashi trong doanh nghiá»‡p Viá»‡t: Triáº¿t lÃ½ khÃ¡ch hÃ ng lÃ  ngÆ°á»i thÃ¢n"" lÃ  cÆ¡ há»™i khÃ´ng thá»ƒ bá» qua dÃ nh cho cÃ¡c quáº£n lÃ½ cáº¥p cao/trung táº¡i cÃ¡c doanh nghiá»‡p Ä‘ang hoáº¡t Ä‘á»™ng trong lÄ©nh vá»±c sáº£n xuáº¥t, dá»‹ch vá»¥ vÃ  chuá»—i nhÃ  hÃ ngâ€¦ Sá»± kiá»‡n do Táº¡p chÃ­ Doanh NhÃ¢n, phá»‘i há»£p cÃ¹ng Viá»‡n PhÃ¡t triá»ƒn Quáº£n trá»‹ vÃ  CÃ´ng nghá»‡ má»›i IMT tá»• chá»©c. ğŸ’¯ ÄÄƒng kÃ½ ngay táº¡i: http://bit.ly/omotenashi-seminar-dang-ky ğŸ”ˆ Há»™i tháº£o ""Hiá»ƒu vÃ  thá»±c hÃ nh Omotenashi trong doanh nghiá»‡p Viá»‡t: Triáº¿t lÃ½ khÃ¡ch hÃ ng lÃ  ngÆ°á»i thÃ¢n"" â° Thá»i gian: 8:00 - 12:00 ngÃ y 20/07/2019  ğŸ¬ Äá»‹a Ä‘iá»ƒm: KhÃ¡ch sáº¡n Viá»…n ÄÃ´ng, 275A Pháº¡m NgÅ© LÃ£o, PhÆ°á»ng Pháº¡m NgÅ© LÃ£o, Quáº­n 1, Tp.HCM #doanhnhanmagazine #tapchidoanhnhan #doanhnhan #omotenashi",4,4,,,,,,1 bÃ¬nh luáº­,2668182563211336,/story.php?story_fbid=2668182563211336&id=584865798209700
Táº¡p ChÃ­ Doanh NhÃ¢n,,2019-07-09 07:00:02,"ğŸ’¯ğŸ’¯ğŸ’¯ HOÃ€N THIá»†N MÃ” HÃŒNH Váº¬N HÃ€NH DOANG NGHIá»†P Vá»šI NGHá»† THUáº¬T HIáº¾U KHÃCH OMOTENASHIğŸ’¯ğŸ’¯ğŸ’¯ ğŸ’¢ğŸ’¢ThÃ´ng tin chi tiáº¿t vá» sá»± kiá»‡n: http://bit.ly/omotenashi-seminar-mua-ve Omotenashi chÃ­nh lÃ  Ä‘á»‰nh cao cá»§a nghá»‡ thuáº­t chÄƒm sÃ³c khÃ¡ch hÃ ng. VÆ°á»£t qua nhá»¯ng tiÃªu chuáº©n, Omotenashi chÃ­nh lÃ  nhá»¯ng dá»‹ch vá»¥, hÃ nh Ä‘á»™ng lÃ m cho khÃ¡ch hÃ ng cáº£m Ä‘á»™ng. ÄÃ¢y lÃ  nhá»¯ng hÃ nh Ä‘á»™ng quan tÃ¢m khÃ´ng náº·ng vá» máº·t váº­t cháº¥t vÃ  khÃ´ng dá»±a trÃªn má»™t quy Ä‘á»‹nh nÃ o cáº£. CÃ¡i hay á»Ÿ chá»—, khÃ¡ch hÃ ng khÃ´ng há» nÃ³i ra mong muá»‘n cá»§a mÃ¬nh nhÆ°ng nhÃ¢n viÃªn phá»¥c vá»¥, doanh nghiá»‡p váº«n cÃ³ thá»ƒ dá»± Ä‘oÃ¡n, náº¯m báº¯t vÃ  lÃ m vá»«a lÃ²ng khÃ¡ch hÃ ng á»Ÿ má»©c cao nháº¥t. Ráº¥t nhiá»u doanh nghiá»‡p Viá»‡t Nam tá»« lÃ¢u Ä‘Ã£ Ä‘em Omotenashi Ä‘Æ°a vÃ o quy trÃ¬nh váº­n hÃ nh doanh nghiá»‡p.Tuy nhiÃªn, tá»« phÆ°Æ¡ng phÃ¡p Ä‘iá»u hÃ nh cá»§a doanh tá»›i thÃ¡i Ä‘á»™, biá»ƒu hiá»‡n bÃªn ngoÃ i cá»§a nhÃ¢n viÃªn tuyáº¿n Ä‘áº§u cáº§n cÃ³ phÆ°Æ¡ng phÃ¡p bÃ i báº£n. ÄÃ¢y lÃ  yÃªu tá»‘ then chá»‘t khiáº¿n nhiá»u doanh nghiá»‡p tháº¥t báº¡i hoáº·c gáº·p nhá»¯ng sai lá»—i khi triá»ƒn khai tinh tháº§n nÃ y. Nháº±m hÆ°á»›ng tá»›i viá»‡c phÃ¡t triá»ƒn cháº¥t lÆ°á»£ng cá»™ng Ä‘á»“ng doanh nghiá»‡p Viá»‡t Nam, Táº¡p chÃ­ Doanh NhÃ¢n, phá»‘i há»£p cÃ¹ng Viá»‡n PhÃ¡t triá»ƒn Quáº£n trá»‹ vÃ  CÃ´ng nghá»‡ má»›i IMT tá»• chá»©c há»™i tháº£o: ğŸ“£  HIá»‚U VÃ€ THá»°C HÃ€NH OMOTENASHI TRONG DOANH NGHIá»†P VIá»†T: TRIáº¾T LÃ KHÃCH HÃ€NG LÃ€ NGÆ¯á»œI THÃ‚N --- â° Thá»i gian: 8:00 - 12:00 ngÃ y 20/07/2019  ğŸ¬ Äá»‹a Ä‘iá»ƒm: KhÃ¡ch sáº¡n Viá»…n ÄÃ´ng, 275A Pháº¡m NgÅ© LÃ£o, PhÆ°á»ng Pháº¡m NgÅ© LÃ£o, Quáº­n 1, Tp.HCM  ğŸ—“ Agenda: Tham kháº£o lá»‹ch trÃ¬nh chi tiáº¿t cá»§a sá»± kiá»‡n táº¡i http://bit.ly/omotenashi-seminar-mua-ve. ğŸ—£ï¸ Diá»…n giáº£:  1. BÃ  Ã” Thá»‹ Má»¹ PhÆ°á»£ng, TrÆ°á»Ÿng phÃ²ng dá»‹ch vá»¥ vÃ  sá»± hÃ i lÃ²ng khÃ¡ch hÃ ng, Aeon Viá»‡t Nam 2. BÃ  Huá»³nh Thá»‹ Kim Thanh, PhÃ³ GiÃ¡m Ä‘á»‘c ÄÃ o táº¡o Váº­n hÃ nh, Aeon Viá»‡t Nam 3. Ã”ng Pháº¡m Ngá»c Tuáº¥n, Chá»§ tá»‹ch Viá»‡n IMT, Chá»§ tá»‹ch Ban liÃªn láº¡c cá»±u tu nghiá»‡p sinh AOTS 4. BÃ  LÃ½ Má»¹ Háº¡nh, ChuyÃªn gia huáº¥n luyá»‡n vá» dá»‹ch vá»¥ khÃ¡ch hÃ ng  5. BÃ  Cung Thá»‹ ThÃ¹y Linh, GiÃ¡m Ä‘á»‘c thÆ°Æ¡ng hiá»‡u, KAMO  ğŸ“‹Khung sá»± kiá»‡n: Pháº§n 1: Omotenashi vÃ  5 cáº¥p Ä‘á»™ dá»‹ch vá»¥ cá»§a Nháº­t Báº£n ğŸ‘‰ KhÃ¡i niá»‡m gá»‘c Omotenashi trong vÄƒn hÃ³a dá»‹ch vá»¥ Nháº­t Báº£n lÃ  gÃ¬? ğŸ‘‰ Sá»± khÃ¡c nhau trong 5 cáº¥p Ä‘á»™ dá»‹ch vá»¥ lÃ  Moral-Manner-Service-Hospitality-Omotenashi cá»§a ngÆ°á»i Nháº­t Pháº§n 2: XÃ¢y dá»±ng tinh tháº§n Omotenashi â€œStep by Stepâ€ trong doanh nghiá»‡p ra sao?  ğŸ‘‰ XÃ¢y dá»±ng tá»« Mindset Ä‘áº¿n Ká»¹ nÄƒng nhÃ¢n viÃªn thá»±c thi tinh tháº§n Omotenashi trong thá»±c táº¿ Viá»‡t Nam ğŸ‘‰ CÃ¡ch phÃ¡t triá»ƒn Framework trong tá»• chá»©c: TiÃªu chuáº©n, hÆ°á»›ng dáº«n, thá»±c hÃ nh, kiá»ƒm tra Pháº§n 3: Trao Ä‘á»•i bÃ n trÃ²n vÃ  Q&A: Nhá»¯ng khÃ³ khÄƒn khi triá»ƒn khai Omotenashi táº¡i Viá»‡t Nam  ğŸ‘‰ Nhá»¯ng cÃ¢u chuyá»‡n thá»±c táº¿ vá» lÃ½ do triá»ƒn khai tinh tháº§n Omotenashi vÃ o doanh nghiá»‡p ğŸ‘‰ CÃ¡ch giáº£i quyáº¿t nhá»¯ng khÃ³ khÄƒn khi doanh nghiá»‡p triá»ƒn khai trong thá»±c táº¿ ğŸ‘‰ CÃ¡ch Ä‘Ã¡nh giÃ¡ hiá»‡u quáº£ khi Ã¡p dá»¥ng Omotenashi trong tá»• chá»©c",99,97,1,1,,,,7 bÃ¬nh luáº­,2659174477445478,/story.php?story_fbid=2659174477445478&id=584865798209700
Táº¡p ChÃ­ Doanh NhÃ¢n,,2019-07-08 22:00:01,SÆ°Æ¡ng giÄƒng má» áº£o trÃªn Biá»ƒn Há»“ chÃ¨ á»Ÿ Gia Lai. #doanhnhanmagazine #tapchidoanhnhan #doanhnhan + Website: www.doanhnhanonline.com.vn,26,26,,,,,,BÃ¬nh luáº­,2666786333350959,/story.php?story_fbid=2666786333350959&id=584865798209700
Táº¡p ChÃ­ Doanh NhÃ¢n,,2019-07-08 10:51:07,"Báº£n TÃ­nh Cá»§a NgÆ°á»i Nháº­t: Cáº©n Tháº­n vÃ  Tá»‰ Máº©n Tá»«ng Chi Tiáº¿t. ÄÃ¢y lÃ  lá»i giá»›i thiá»‡u khÃ¡i quÃ¡t nháº¥t báº£n tÃ­nh vÃ  tÃ­nh cÃ¡ch kiÃªn nháº«n cá»§a ngÆ°á»i Nháº­t Báº£n trong viá»‡c sÃ¡ng táº¡o ra nhá»¯ng sáº£n pháº©m mang tÃ­nh Ä‘áº­m tÃ­nh chi tiáº¿t cÃ¡ nhÃ¢n á»Ÿ nhiá»u lÃ£nh vá»±c khÃ¡c nhau nhÆ° thá»§ cÃ´ng má»¹ nghá»‡, nghá»‡ thuáº­t sÆ¡n mÃ³ng tay, áº©m thá»±c hoáº·c tháº­m chÃ­ cáº£ bá»“n vá»‡ sinh.  ğŸ’¯ HÆ°á»›ng tá»›i viá»‡c hiá»ƒu Ä‘Ãºng, lÃ m Ä‘Ãºng vÃ  táº¡o giÃ¡ trá»‹ thá»±c dá»±a trÃªn tinh tháº§n Omotenashi, há»™i tháº£o ""Hiá»ƒu vÃ  thá»±c hÃ nh Omotenashi trong doanh nghiá»‡p Viá»‡t: Triáº¿t lÃ½ khÃ¡ch hÃ ng lÃ  ngÆ°á»i thÃ¢n"" lÃ  cÆ¡ há»™i khÃ´ng thá»ƒ bá» qua dÃ nh cho cÃ¡c quáº£n lÃ½ cáº¥p cao/trung táº¡i cÃ¡c doanh nghiá»‡p Ä‘ang hoáº¡t Ä‘á»™ng trong lÄ©nh vá»±c sáº£n xuáº¥t, dá»‹ch vá»¥ vÃ  chuá»—i nhÃ  hÃ ngâ€¦ ğŸ‘‰ Sá»± kiá»‡n do Táº¡p chÃ­ Doanh NhÃ¢n, phá»‘i há»£p cÃ¹ng Viá»‡n PhÃ¡t triá»ƒn Quáº£n trá»‹ vÃ  CÃ´ng nghá»‡ má»›i IMT tá»• chá»©c. ThÃ´ng tin chi tiáº¿t vá» sá»± kiá»‡n: http://bit.ly/omotenashi-seminar-mua-ve ÄÄƒng kÃ½ ngay táº¡i: http://bit.ly/omotenashi-seminar-dang-ky Há»™i tháº£o """"Hiá»ƒu vÃ  thá»±c hÃ nh Omotenashi trong doanh nghiá»‡p Viá»‡t: Triáº¿t lÃ½ khÃ¡ch hÃ ng lÃ  ngÆ°á»i thÃ¢n"""" â° Thá»i gian: 8:00 - 12:00 ngÃ y 20/07/2019 ğŸ¨ Äá»‹a Ä‘iá»ƒm: KhÃ¡ch sáº¡n Viá»…n ÄÃ´ng, 275A Pháº¡m NgÅ© LÃ£o, PhÆ°á»ng Pháº¡m NgÅ© LÃ£o, Quáº­n 1, Tp.HCM #doanhnhanmagazine #tapchidoanhnhan #doanhnhan #omotenashi",5,5,,,,,,BÃ¬nh luáº­,2666404063389186,/story.php?story_fbid=2666404063389186&id=584865798209700
Táº¡p ChÃ­ Doanh NhÃ¢n,,2019-07-07 23:00:00,NgÃ´i lÃ ng ngÆ°á»i lÃ¹n Ä‘áº¹p nhÆ° cá»• tÃ­ch á»Ÿ New Zealand. #doanhnhanmagazine #tapchidoanhnhan #doanhnhan + Website: www.doanhnhanonline.com.vn,5,5,,,,,,BÃ¬nh luáº­,2664993463530246,/story.php?story_fbid=2664993463530246&id=584865798209700
Táº¡p ChÃ­ Doanh NhÃ¢n,,2019-07-07 22:00:01,Trung Quá»‘c qua á»‘ng kÃ­nh cá»§a ná»¯ du khÃ¡ch Viá»‡t. #doanhnhanmagazine #tapchidoanhnhan #doanhnhan + Website: www.doanhnhanonline.com.vn,6,6,,,,,,BÃ¬nh luáº­,2664977870198472,/story.php?story_fbid=2664977870198472&id=584865798209700
Táº¡p ChÃ­ Doanh NhÃ¢n,,2019-07-06 07:00:01,"ğŸ•ğŸ•ğŸ• GÃ³i gá»n trong má»™t triáº¿t lÃ½ Ä‘Ã o táº¡o, nguá»“n gá»‘c thÃ nh cÃ´ng cá»§a chuá»—i nhÃ  hÃ ng Pizza 4Pâ€™s Chuá»—i nhÃ  hÃ ng pizza Ä‘Æ°á»£c thÃ nh láº­p tá»« nÄƒm 2011, Ä‘áº¿n nay chuá»—i nhÃ  hÃ ng nÃ y Ä‘Ã£ tÄƒng sá»‘ lÆ°á»£ng lÃªn 11 cá»­a hÃ ng táº¡i 3 thÃ nh phá»‘ lá»›n lÃ  HÃ  Ná»™i, Tp.HCM vÃ  ÄÃ  Náºµng, Ä‘Æ°á»£c Ä‘á»‹nh giÃ¡ vÃ o khoáº£ng 20 triá»‡u USD (nÄƒm 2017). Äiá»ƒm Ä‘áº·c biá»‡t lÃ  thÆ°Æ¡ng hiá»‡u nÃ y khÃ´ng há» táº­p trung vÃ o quáº£ng cÃ¡o, nhÆ°ng luÃ´n nháº­n Ä‘Æ°á»£c sá»± á»§ng há»™ cá»§a khÃ¡ch hÃ ng. Giang Tráº§n - GiÃ¡m Ä‘á»‘c Marketing cá»§a Pizza 4Pâ€™s tá»«ng tiáº¿t lá»™ Ä‘á»ƒ khiáº¿n hÃ ng hÃ ng pháº£i â€œwowâ€ khi nháº­n Ä‘Æ°á»£c tráº£i nghiá»‡m dá»‹ch vá»¥, nhÃ¢n viÃªn pháº£i Ä‘áº·t mÃ¬nh vÃ o vá»‹ trÃ­ khÃ¡ch hÃ ng Ä‘á»ƒ hiá»ƒu khÃ¡ch hÃ ng cáº§n gÃ¬ trÆ°á»›c khi há» nháº­n ra. ÄÃ³ chÃ­nh lÃ  triáº¿t lÃ½ Omotenashi - tinh tháº§n hiáº¿u khÃ¡ch cá»§a ngÆ°á»i Nháº­t. ğŸ’¯ HÆ°á»›ng tá»›i viá»‡c hiá»ƒu Ä‘Ãºng, lÃ m Ä‘Ãºng vÃ  táº¡o giÃ¡ trá»‹ thá»±c dá»±a trÃªn tinh tháº§n Omotenashi, há»™i tháº£o ""Hiá»ƒu vÃ  thá»±c hÃ nh Omotenashi trong doanh nghiá»‡p Viá»‡t: Triáº¿t lÃ½ khÃ¡ch hÃ ng lÃ  ngÆ°á»i thÃ¢n"" lÃ  cÆ¡ há»™i khÃ´ng thá»ƒ bá» qua dÃ nh cho cÃ¡c quáº£n lÃ½ cáº¥p cao/trung táº¡i cÃ¡c doanh nghiá»‡p Ä‘ang hoáº¡t Ä‘á»™ng trong lÄ©nh vá»±c sáº£n xuáº¥t, dá»‹ch vá»¥ vÃ  chuá»—i nhÃ  hÃ ngâ€¦ ğŸ‘‰ Sá»± kiá»‡n do Táº¡p chÃ­ Doanh NhÃ¢n, phá»‘i há»£p cÃ¹ng Viá»‡n PhÃ¡t triá»ƒn Quáº£n trá»‹ vÃ  CÃ´ng nghá»‡ má»›i IMT tá»• chá»©c. ThÃ´ng tin chi tiáº¿t vá» sá»± kiá»‡n: http://bit.ly/omotenashi-seminar-mua-ve ÄÄƒng kÃ½ ngay táº¡i: http://bit.ly/omotenashi-seminar-dang-ky Há»™i tháº£o """"Hiá»ƒu vÃ  thá»±c hÃ nh Omotenashi trong doanh nghiá»‡p Viá»‡t: Triáº¿t lÃ½ khÃ¡ch hÃ ng lÃ  ngÆ°á»i thÃ¢n"""" â° Thá»i gian: 8:00 - 12:00 ngÃ y 20/07/2019  ğŸ¨ Äá»‹a Ä‘iá»ƒm: KhÃ¡ch sáº¡n Viá»…n ÄÃ´ng, 275A Pháº¡m NgÅ© LÃ£o, PhÆ°á»ng Pháº¡m NgÅ© LÃ£o, Quáº­n 1, Tp.HCM #doanhnhanmagazine #tapchidoanhnhan #doanhnhan #omotenashi",7,6,,1,,,,BÃ¬nh luáº­,2661359997226926,/story.php?story_fbid=2661359997226926&id=584865798209700
Táº¡p ChÃ­ Doanh NhÃ¢n,,2019-07-05 17:54:05,"ğŸ‡¯ğŸ‡µğŸ‡¯ğŸ‡µğŸ‡¯ğŸ‡µ Tháº¿ giá»›i biáº¿t Ä‘áº¿n cÃ¡c cÃ´ng ty Nháº­t Báº£n vá»›i tÆ° cÃ¡ch lÃ  Ä‘á»‘i tÃ¡c, nhÃ  cung cáº¥p vÃ  cÅ©ng lÃ  Ä‘á»‘i thá»§ cáº¡nh tranh Ä‘Ã¡ng gá»m. NhÆ°ng bÃªn cáº¡nh Ä‘Ã³, há» cÅ©ng Ä‘á»“ng thá»i coi nÆ°á»›c Nháº­t lÃ  má»™t ngÆ°á»i tháº§y mÃ  trong Ä‘Ã³, há» cÃ³ thá»ƒ há»c tá»« vÄƒn hoÃ¡ lÃ m viá»‡c, quáº£n lÃ½ cháº¥t lÆ°á»£ng, quyáº¿t Ä‘á»‹nh Ä‘iá»u hÃ nh, phÆ°Æ¡ng phÃ¡p tÄƒng nÄƒng suáº¥t lao Ä‘á»™ng vÃ  Ä‘áº·c biá»‡t lÃ  triáº¿t lÃ½ phá»¥c vá»¥ khÃ¡ch hÃ ng vÃ´ cÃ¹ng ná»•i tiáº¿ng - Omotenashi. ğŸ’¯ HÆ°á»›ng tá»›i viá»‡c hiá»ƒu Ä‘Ãºng, lÃ m Ä‘Ãºng vÃ  táº¡o giÃ¡ trá»‹ thá»±c dá»±a trÃªn tinh tháº§n Omotenashi, há»™i tháº£o ""Hiá»ƒu vÃ  thá»±c hÃ nh Omotenashi trong doanh nghiá»‡p Viá»‡t: Triáº¿t lÃ½ khÃ¡ch hÃ ng lÃ  ngÆ°á»i thÃ¢n"" lÃ  cÆ¡ há»™i khÃ´ng thá»ƒ bá» qua dÃ nh cho cÃ¡c quáº£n lÃ½ cáº¥p cao/trung táº¡i cÃ¡c doanh nghiá»‡p Ä‘ang hoáº¡t Ä‘á»™ng trong lÄ©nh vá»±c sáº£n xuáº¥t, dá»‹ch vá»¥ vÃ  chuá»—i nhÃ  hÃ ngâ€¦ ğŸ‘‰ Sá»± kiá»‡n do Táº¡p chÃ­ Doanh NhÃ¢n, phá»‘i há»£p cÃ¹ng Viá»‡n PhÃ¡t triá»ƒn Quáº£n trá»‹ vÃ  CÃ´ng nghá»‡ má»›i IMT tá»• chá»©c. ThÃ´ng tin chi tiáº¿t vá» sá»± kiá»‡n: http://bit.ly/omotenashi-seminar-mua-ve ÄÄƒng kÃ½ ngay táº¡i: http://bit.ly/omotenashi-seminar-dang-ky Há»™i tháº£o """"Hiá»ƒu vÃ  thá»±c hÃ nh Omotenashi trong doanh nghiá»‡p Viá»‡t: Triáº¿t lÃ½ khÃ¡ch hÃ ng lÃ  ngÆ°á»i thÃ¢n"""" â° Thá»i gian: 8:00 - 12:00 ngÃ y 20/07/2019  ğŸ¨ Äá»‹a Ä‘iá»ƒm: KhÃ¡ch sáº¡n Viá»…n ÄÃ´ng, 275A Pháº¡m NgÅ© LÃ£o, PhÆ°á»ng Pháº¡m NgÅ© LÃ£o, Quáº­n 1, Tp.HCM #doanhnhanmagazine #tapchidoanhnhan #doanhnhan #omotenashi",6,6,,,,,,BÃ¬nh luáº­,2661338803895712,/story.php?story_fbid=2661338803895712&id=584865798209700
Táº¡p ChÃ­ Doanh NhÃ¢n,,2019-07-05 07:00:00,"ğŸ“¢ğŸ“¢ğŸ“¢  NHÃ‚N VIÃŠN KHÃ”NG TOÃ€N TÃ‚M Vá»šI KHÃCH HÃ€NG â€“ Há»† THÃ”NG ÄÃ€O Táº O DOANH NHIá»†P ÄANG Gáº¶P Lá»–I ğŸ“¢ğŸ“¢ğŸ“¢ Ráº¥t nhiá»u quy trÃ¬nh doanh nghiá»‡p thÆ°á»ng hÆ°á»›ng dáº«n nhÃ¢n viÃªn cung cáº¥p Ä‘iá»u khÃ¡ch hÃ ng cáº§n. NhÆ°ng khÃ´ng biáº¿t ráº±ng Ä‘á»ƒ khÃ¡ch hÃ ng thá»±c sá»± hÃ i lÃ²ng, há» cáº§n nháº­n Ä‘Æ°á»£c cÃ¡ch quan tÃ¢m vÆ°á»£t trÃªn mong Ä‘á»£i thÃ´ng thÆ°á»ng. CÃ¡c nhÃ  tÃ¢m lÃ½ há»c hÃ nh vi Ä‘Ã£ kháº³ng Ä‘á»‹nh 70% cÃ¡c tráº£i nghiá»‡m cá»§a khÃ¡ch hÃ ng Ä‘Æ°á»£c quyáº¿t Ä‘á»‹nh bá»Ÿi cáº£m xÃºc. NgÆ°á»i Nháº­t tá»« lÃ¢u Ä‘Ã£ Ã¡p dá»¥ng má»™t triáº¿t lÃ½ dá»‹ch vá»¥ coi khÃ¡ch hÃ ng nhÆ° ngÆ°á»i thÃ¢n - Omotenashi, Ä‘Æ°á»£c vÃ­ nhÆ° lá»£i tháº¿ cáº¡nh tranh cá»§a nhiá»u cÃ´ng ty Nháº­t Báº£n nhÆ° Uniqlo, Toyota, Muji,... vá»›i cÃ¡c táº­p Ä‘oÃ n hÃ ng Ä‘áº§u cá»§a chÃ¢u Ã‚u, vÃ  Báº¯c Má»¹.  Vá»›i mong muá»‘n mang Ä‘áº¿n giáº£i phÃ¡p tÄƒng cÆ°á»ng cháº¥t lÆ°á»£ng dá»‹ch vá»¥ cho doanh nghiá»‡p, Táº¡p chÃ­ Doanh NhÃ¢n, phá»‘i há»£p cÃ¹ng Viá»‡n PhÃ¡t triá»ƒn Quáº£n trá»‹ vÃ  CÃ´ng nghá»‡ má»›i IMT tá»• chá»©c há»™i tháº£o   ğŸ‘‰ HIá»‚U VÃ€ THá»°C HÃ€NH OMOTENASHI TRONG DOANH NGHIá»†P VIá»†T: TRIáº¾T LÃ KHÃCH HÃ€NG LÃ€ NGÆ¯á»œI THÃ‚N --- â° Thá»i gian: 8:00 - 12:00 ngÃ y 20/07/2019  ğŸ¬ Äá»‹a Ä‘iá»ƒm: KhÃ¡ch sáº¡n Viá»…n ÄÃ´ng, 275A Pháº¡m NgÅ© LÃ£o, PhÆ°á»ng Pháº¡m NgÅ© LÃ£o, Quáº­n 1, Tp.HCM  ğŸ—“ Agenda: Tham kháº£o lá»‹ch trÃ¬nh chi tiáº¿t cá»§a sá»± kiá»‡n táº¡i hyperlink nÃ y. ğŸ—£ï¸ Diá»…n giáº£:  1. BÃ  Ã” Thá»‹ Má»¹ PhÆ°á»£ng, TrÆ°á»Ÿng phÃ²ng dá»‹ch vá»¥ vÃ  sá»± hÃ i lÃ²ng khÃ¡ch hÃ ng, Aeon Viá»‡t Nam 2. BÃ  Huá»³nh Thá»‹ Kim Thanh, PhÃ³ GiÃ¡m Ä‘á»‘c ÄÃ o táº¡o Váº­n hÃ nh, Aeon Viá»‡t Nam 3. Ã”ng Pháº¡m Ngá»c Tuáº¥n, Chá»§ tá»‹ch Viá»‡n IMT, Chá»§ tá»‹ch Ban liÃªn láº¡c cá»±u tu nghiá»‡p sinh AOTS 4. BÃ  LÃ½ Má»¹ Háº¡nh, ChuyÃªn gia huáº¥n luyá»‡n vá» dá»‹ch vá»¥ khÃ¡ch hÃ ng  5. BÃ  Cung Thá»‹ ThÃ¹y Linh, GiÃ¡m Ä‘á»‘c thÆ°Æ¡ng hiá»‡u, KAMO  ğŸ“‹ Khung sá»± kiá»‡n: Pháº§n 1: Omotenashi vÃ  5 cáº¥p Ä‘á»™ dá»‹ch vá»¥ cá»§a Nháº­t Báº£n ğŸ‘‰ KhÃ¡i niá»‡m gá»‘c Omotenashi trong vÄƒn hÃ³a dá»‹ch vá»¥ Nháº­t Báº£n lÃ  gÃ¬? ğŸ‘‰ Sá»± khÃ¡c nhau trong 5 cáº¥p Ä‘á»™ dá»‹ch vá»¥ lÃ  Moral-Manner-Service-Hospitality-Omotenashi cá»§a ngÆ°á»i Nháº­t Pháº§n 2: XÃ¢y dá»±ng tinh tháº§n Omotenashi â€œStep by Stepâ€ trong doanh nghiá»‡p ra sao?  ğŸ‘‰ XÃ¢y dá»±ng tá»« Mindset Ä‘áº¿n Ká»¹ nÄƒng nhÃ¢n viÃªn thá»±c thi tinh tháº§n Omotenashi trong thá»±c táº¿ Viá»‡t Nam ğŸ‘‰ CÃ¡ch phÃ¡t triá»ƒn Framework trong tá»• chá»©c: TiÃªu chuáº©n, hÆ°á»›ng dáº«n, thá»±c hÃ nh, kiá»ƒm tra Pháº§n 3: Trao Ä‘á»•i bÃ n trÃ²n vÃ  Q&A: Nhá»¯ng khÃ³ khÄƒn khi triá»ƒn khai Omotenashi táº¡i Viá»‡t Nam  ğŸ‘‰ Nhá»¯ng cÃ¢u chuyá»‡n thá»±c táº¿ vá» lÃ½ do triá»ƒn khai tinh tháº§n Omotenashi vÃ o doanh nghiá»‡p ğŸ‘‰ CÃ¡ch giáº£i quyáº¿t nhá»¯ng khÃ³ khÄƒn khi doanh nghiá»‡p triá»ƒn khai trong thá»±c táº¿ ğŸ‘‰ CÃ¡ch Ä‘Ã¡nh giÃ¡ hiá»‡u quáº£ khi Ã¡p dá»¥ng Omotenashi trong tá»• chá»©c",3,3,,,,,,BÃ¬nh luáº­,2659166344112958,/story.php?story_fbid=2659166344112958&id=584865798209700
Táº¡p ChÃ­ Doanh NhÃ¢n,,2019-07-04 23:00:01,"Dubai, thÃ nh phá»‘ xa hoa giá»¯a lÃ²ng sa máº¡c. #doanhnhanmagazine #tapchidoanhnhan #doanhnhan + Website: www.doanhnhanonline.com.vn",4,3,,1,,,,BÃ¬nh luáº­,2659282347434691,/story.php?story_fbid=2659282347434691&id=584865798209700
Táº¡p ChÃ­ Doanh NhÃ¢n,,2019-07-04 22:00:00,HÃ o SÄ© PhÆ°Æ¡ng - con háº»m hÆ¡n 100 tuá»•i cá»§a ngÆ°á»i Hoa á»Ÿ SÃ i GÃ²n. #doanhnhanmagazine #tapchidoanhnhan #doanhnhan + Website: www.doanhnhanonline.com.vn,2,2,,,,,,BÃ¬nh luáº­,2659269230769336,/story.php?story_fbid=2659269230769336&id=584865798209700
Táº¡p ChÃ­ Doanh NhÃ¢n,,2019-07-04 14:41:51,"ğŸš´ğŸš´ğŸš´ Khi viá»‡c cáº¡nh tranh trÃªn thá»‹ trÆ°á»ng má»™t gay gáº¯t, nhiá»u doanh nghiá»‡p Viá»‡t Nam Ä‘ang Ä‘Æ°a Omotenashi vÃ o quy trÃ¬nh váº­n hÃ nh nháº±m gÃ¢y áº¥n tÆ°á»£ng vá»›i khÃ¡ch hÃ ng vÃ  khÃ¡c biá»‡t hoÃ¡ thÆ°Æ¡ng hiá»‡u cá»§a mÃ¬nh. NhÆ°ng trong thá»±c táº¿ triá»ƒn khai cá»§a nhiá»u cÃ´ng ty, váº«n xuáº¥t hiá»‡n khÃ´ng Ã­t sai lá»—i, lÃºng tÃºng do chÆ°a náº¯m báº¯t tháº¥u Ä‘Ã¡o tinh tháº§n nÃ y. ğŸ’¢ğŸ’¢ThÃ´ng tin chi tiáº¿t vá» sá»± kiá»‡n: http://bit.ly/omotenashi-seminar-mua-ve HÆ°á»›ng tá»›i viá»‡c hiá»ƒu Ä‘Ãºng, lÃ m Ä‘Ãºng vÃ  táº¡o giÃ¡ trá»‹ thá»±c dá»±a trÃªn tinh tháº§n Omotenashi, há»™i tháº£o ""Hiá»ƒu vÃ  thá»±c hÃ nh Omotenashi trong doanh nghiá»‡p Viá»‡t: Triáº¿t lÃ½ khÃ¡ch hÃ ng lÃ  ngÆ°á»i thÃ¢n"" lÃ  cÆ¡ há»™i khÃ´ng thá»ƒ bá» qua dÃ nh cho cÃ¡c quáº£n lÃ½ cáº¥p cao/trung táº¡i cÃ¡c doanh nghiá»‡p Ä‘ang hoáº¡t Ä‘á»™ng trong lÄ©nh vá»±c sáº£n xuáº¥t, dá»‹ch vá»¥ vÃ  chuá»—i nhÃ  hÃ ngâ€¦ Sá»± kiá»‡n do Táº¡p chÃ­ Doanh NhÃ¢n, phá»‘i há»£p cÃ¹ng Viá»‡n PhÃ¡t triá»ƒn Quáº£n trá»‹ vÃ  CÃ´ng nghá»‡ má»›i IMT tá»• chá»©c. ğŸ’¯ ÄÄƒng kÃ½ ngay táº¡i: http://bit.ly/omotenashi-seminar-dang-ky ğŸ”ˆ Há»™i tháº£o ""Hiá»ƒu vÃ  thá»±c hÃ nh Omotenashi trong doanh nghiá»‡p Viá»‡t: Triáº¿t lÃ½ khÃ¡ch hÃ ng lÃ  ngÆ°á»i thÃ¢n"" â° Thá»i gian: 8:00 - 12:00 ngÃ y 20/07/2019  ğŸ¬ Äá»‹a Ä‘iá»ƒm: KhÃ¡ch sáº¡n Viá»…n ÄÃ´ng, 275A Pháº¡m NgÅ© LÃ£o, PhÆ°á»ng Pháº¡m NgÅ© LÃ£o, Quáº­n 1, Tp.HCM #doanhnhanmagazine #tapchidoanhnhan #doanhnhan #omotenashi",205,199,,6,,,,7 bÃ¬nh luáº­,2659220807440845,/story.php?story_fbid=2659220807440845&id=584865798209700
Táº¡p ChÃ­ Doanh NhÃ¢n,,2019-07-03 23:00:01,ğŸš¦ğŸš¦ğŸš¦ Nhá»¯ng cÃ´ng nghá»‡ ngÄƒn ngÆ°á»i Ä‘i bá»™ vi pháº¡m giao thÃ´ng. #doanhnhanmagazine #tapchidoanhnhan #doanhnhan + Website: www.doanhnhanonline.com.vn,3,3,,,,,,BÃ¬nh luáº­,2657750764254516,/story.php?story_fbid=2657750764254516&id=584865798209700
Táº¡p ChÃ­ Doanh NhÃ¢n,,2019-07-03 22:00:01,Giao cÃ  phÃª báº±ng mÃ¡y bay khÃ´ng ngÆ°á»i lÃ¡i táº¡i Australia. #doanhnhanmagazine #tapchidoanhnhan #doanhnhan + Website: www.doanhnhanonline.com.vn,2,2,,,,,,BÃ¬nh luáº­,2657736087589317,/story.php?story_fbid=2657736087589317&id=584865798209700
Táº¡p ChÃ­ Doanh NhÃ¢n,,2019-07-02 23:00:01,"Omotenashi - VÄƒn HÃ³a Dá»‹ch Vá»¥ KhÃ¡ch HÃ ng HoÃ n Háº£o Cá»§a Nháº­t Báº£n. HÆ°á»›ng tá»›i viá»‡c hiá»ƒu Ä‘Ãºng, lÃ m Ä‘Ãºng vÃ  táº¡o giÃ¡ trá»‹ thá»±c dá»±a trÃªn tinh tháº§n Omotenashi, há»™i tháº£o ""Hiá»ƒu vÃ  thá»±c hÃ nh Omotenashi trong doanh nghiá»‡p Viá»‡t: Triáº¿t lÃ½ khÃ¡ch hÃ ng lÃ  ngÆ°á»i thÃ¢n"" lÃ  cÆ¡ há»™i khÃ´ng thá»ƒ bá» qua dÃ nh cho cÃ¡c quáº£n lÃ½ cáº¥p cao/trung táº¡i cÃ¡c doanh nghiá»‡p Ä‘ang hoáº¡t Ä‘á»™ng trong lÄ©nh vá»±c sáº£n xuáº¥t, dá»‹ch vá»¥ vÃ  chuá»—i nhÃ  hÃ ngâ€¦ Sá»± kiá»‡n do Táº¡p chÃ­ Doanh NhÃ¢n, phá»‘i há»£p cÃ¹ng Viá»‡n PhÃ¡t triá»ƒn Quáº£n trá»‹ vÃ  CÃ´ng nghá»‡ má»›i IMT tá»• chá»©c. ThÃ´ng tin chi tiáº¿t vá» sá»± kiá»‡n: http://bit.ly/omotenashi-seminar-mua-ve ÄÄƒng kÃ½ ngay táº¡i: http://bit.ly/omotenashi-seminar-dang-ky Há»™i tháº£o """"Hiá»ƒu vÃ  thá»±c hÃ nh Omotenashi trong doanh nghiá»‡p Viá»‡t: Triáº¿t lÃ½ khÃ¡ch hÃ ng lÃ  ngÆ°á»i thÃ¢n"""" Thá»i gian: 8:00 - 12:00 ngÃ y 20/07/2019  Äá»‹a Ä‘iá»ƒm: KhÃ¡ch sáº¡n Viá»…n ÄÃ´ng, 275A Pháº¡m NgÅ© LÃ£o, PhÆ°á»ng Pháº¡m NgÅ© LÃ£o, Quáº­n 1, Tp.HCM #doanhnhanmagazine #tapchidoanhnhan #doanhnhan #omotenashi + Website: www.doanhnhanonline.com.vn",8,8,,,,,,1 bÃ¬nh luáº­,2655993644430228,/story.php?story_fbid=2655993644430228&id=584865798209700
Táº¡p ChÃ­ Doanh NhÃ¢n,,2019-07-02 20:49:36,"NgÃ y nay, tÄƒng cÆ°á»ng tráº£i nghiá»‡m khÃ¡ch hÃ ng Ä‘Ã£ trá»Ÿ thÃ nh chiáº¿n lÆ°á»£c then chá»‘t giÃºp cÃ´ng ty xÃ¢y dá»±ng vá»‹ tháº¿ trong bá»‘i cáº£nh cáº¡nh tranh khá»‘c liá»‡t trÃªn thá»‹ trÆ°á»ng. á» Nháº­t Báº£n, doanh nghiá»‡p khÃ´ng chá»‰ dá»«ng láº¡i á»Ÿ viá»‡c Ä‘Ã¡p á»©ng â€œÄ‘á»§â€ nhu cáº§u khÃ¡ch hÃ ng mÃ  tá»« lÃ¢u Ä‘Ã£ nhÃ¬n ra sá»± cáº§n thiáº¿t pháº£i Ä‘i xa hÆ¡n, Ä‘em láº¡i cho khÃ¡ch hÃ ng nhá»¯ng tráº£i nghiá»‡m vÆ°á»£t cáº£ mong Ä‘á»£i vÃ  yÃªu cáº§u cá»§a chÃ­nh há». Triáº¿t lÃ½ nÃ y Ä‘Æ°á»£c Ä‘Ãºc káº¿t vá»›i tÃªn gá»i Omotenashi, nghá»‡ thuáº­t hiáº¿u khÃ¡ch báº±ng cáº£ trÃ¡i tim mÃ  báº¡n cÃ³ thá»ƒ báº¯t gáº·p báº¥t á»Ÿ nhá»¯ng nÆ¡i sang trá»ng nhÆ° ""thÃ¡nh Ä‘Æ°á»ng"" Chanel cho Ä‘áº¿n má»™t gÃ³c táº¡i chuá»—i cá»­a hÃ ng tiá»‡n Ã­ch 7-Eleven. ThÃ´ng tin chi tiáº¿t vá» sá»± kiá»‡n: http://bit.ly/omotenashi-seminar-mua-ve Vá»›i mong muá»‘n nÃ¢ng táº§m cháº¥t lÆ°á»£ng dá»‹ch vá»¥ khÃ¡ch hÃ ng hiá»‡n táº¡i, nhiá»u doanh nghiá»‡p Viá»‡t Nam Ä‘Ã£ há»c há»i mÃ´ hÃ¬nh Omotenashi. NhÆ°ng trong quÃ¡ trÃ¬nh triá»ƒn khai cá»§a nhiá»u cÃ´ng ty, váº«n xuáº¥t hiá»‡n khÃ´ng Ã­t sai lá»—i do chÆ°a náº¯m báº¯t tháº¥u Ä‘Ã¡o tinh tháº§n nÃ y.  HÆ°á»›ng tá»›i viá»‡c hiá»ƒu Ä‘Ãºng, lÃ m Ä‘Ãºng vÃ  táº¡o giÃ¡ trá»‹ thá»±c dá»±a trÃªn tinh tháº§n Omotenashi, há»™i tháº£o ""Hiá»ƒu vÃ  thá»±c hÃ nh Omotenashi trong doanh nghiá»‡p Viá»‡t: Triáº¿t lÃ½ khÃ¡ch hÃ ng lÃ  ngÆ°á»i thÃ¢n"" lÃ  cÆ¡ há»™i khÃ´ng thá»ƒ bá» qua dÃ nh cho cÃ¡c quáº£n lÃ½ cáº¥p cao/trung táº¡i cÃ¡c doanh nghiá»‡p Ä‘ang hoáº¡t Ä‘á»™ng trong lÄ©nh vá»±c sáº£n xuáº¥t, dá»‹ch vá»¥ vÃ  chuá»—i nhÃ  hÃ ngâ€¦ Sá»± kiá»‡n do Táº¡p chÃ­ Doanh NhÃ¢n, phá»‘i há»£p cÃ¹ng Viá»‡n PhÃ¡t triá»ƒn Quáº£n trá»‹ vÃ  CÃ´ng nghá»‡ má»›i IMT tá»• chá»©c. ÄÄƒng kÃ½ ngay táº¡i: http://bit.ly/omotenashi-seminar-dang-ky Há»™i tháº£o """"Hiá»ƒu vÃ  thá»±c hÃ nh Omotenashi trong doanh nghiá»‡p Viá»‡t: Triáº¿t lÃ½ khÃ¡ch hÃ ng lÃ  ngÆ°á»i thÃ¢n"""" Thá»i gian: 8:00 - 12:00 ngÃ y 20/07/2019  Äá»‹a Ä‘iá»ƒm: KhÃ¡ch sáº¡n Viá»…n ÄÃ´ng, 275A Pháº¡m NgÅ© LÃ£o, PhÆ°á»ng Pháº¡m NgÅ© LÃ£o, Quáº­n 1, Tp.HCM",12,9,1,2,,,,BÃ¬nh luáº­,2655837117779214,/story.php?story_fbid=2655837117779214&id=584865798209700
Táº¡p ChÃ­ Doanh NhÃ¢n,,2019-07-02 16:20:50,"Äáº¿n vá»›i há»™i tháº£o Thá»±c hÃ nh Omotenashi do bÃ¡o Doanh NhÃ¢n, phá»‘i há»£p cÃ¹ng Viá»‡n PhÃ¡t triá»ƒn Quáº£n trá»‹ vÃ  CÃ´ng nghá»‡ má»›i IMT tá»• chá»©c, báº¡n sáº½ cÃ³ cÆ¡ há»™i: - Giáº£i Ä‘Ã¡p tháº¥u Ä‘Ã¡o khÃ¡i niá»‡m ""gá»‘c"" cá»§a triáº¿t lÃ½ Omotenashi, tá»« Ä‘Ã³ Ä‘i tá»›i Ã¡p dá»¥ng thá»±c tiá»…n á»Ÿ cÃ¡c cáº¥p dá»‹ch vá»¥ - XÃ¢y dá»±ng tá»• chá»©c hÆ°á»›ng Ä‘áº¿n thá»±c hiá»‡n vÃ  quáº£n lÃ½ báº±ng Omotenashi - TÃ¬m hiá»ƒu cÃ¡c case study Ä‘iá»ƒn hÃ¬nh vá» viá»‡c Ã¡p dá»¥ng mÃ´ hÃ¬nh Omotenashi táº¡i doanh nghiá»‡p Viá»‡t Nam     HÃ£y Ä‘Äƒng kÃ½ vÃ© tá»›i sá»± kiá»‡n náº¿u báº¡n:  - LÃ  quáº£n lÃ½ cáº¥p cao/trung táº¡i cÃ¡c doanh nghiá»‡p trong lÄ©nh vá»±c sáº£n xuáº¥t, dá»‹ch vá»¥ vÃ  chuá»—i nhÃ  hÃ ng  - TrÄƒn trá»Ÿ vá» viá»‡c Ã¡p dá»¥ng mÃ´ hÃ¬nh Omotenashi trong thá»±c tiá»…n  - Cáº§n sá»± Ä‘á»‹nh hÆ°á»›ng, tÆ° váº¥n Ä‘á»ƒ xÃ¢y dá»±ng giÃ¡ trá»‹ cho doanh nghiá»‡p trÃªn tinh tháº§n Omotenashi  - Mong muá»‘n há»c há»i tá»« cÃ¡c doanh nghiá»‡p Ä‘Ã£ Ã¡p dá»¥ng thÃ nh cÃ´ng mÃ´ hÃ¬nh Omotenashi táº¡i Viá»‡t Nam  THÃ”NG TIN Sá»° KIá»†N  Thá»i gian: 8:00 - 12:00 ngÃ y 20/07/2019  Äá»‹a Ä‘iá»ƒm: KhÃ¡ch sáº¡n Viá»…n ÄÃ´ng, 275A Pháº¡m NgÅ© LÃ£o, PhÆ°á»ng Pháº¡m NgÅ© LÃ£o, Quáº­n 1, Tp.HCM",5,4,,1,,,,BÃ¬nh luáº­,2655916084437984,/DoanhNhanMagazine/photos/a.584866498209630/2655916084437984
Táº¡p ChÃ­ Doanh NhÃ¢n,,2019-07-02 17:15:31,,6,5,,1,,,,BÃ¬nh luáº­,291758218281858,/events/291758218281858?view=permalink&id=291775901613423
